	d__Bacteria;p__Bacteroidota;c__Bacteroidia;o__Bacteroidales;f__Rikenellaceae;g__Alistipes_A_871400	d__Bacteria;p__Pseudomonadota;c__Gammaproteobacteria;o__Enterobacterales_737866;f__Enterobacteriaceae_A_725029;g__Escherichia	d__Bacteria;p__Actinomycetota;c__Coriobacteriia;o__Coriobacteriales;f__Atopobiaceae;g__Lancefieldella	d__Bacteria;p__Bacillota_A_368345;c__Clostridia_258483;o__Peptostreptococcales;f__Anaerovoracaceae;g__Eubacterium_B	d__Bacteria;p__Bacillota_A_368345;c__Clostridia_258483;o__Oscillospirales;f__Butyricicoccaceae;g__Agathobaculum	d__Bacteria;p__Bacillota_A_368345;c__Clostridia_258483;o__Lachnospirales;f__Lachnospiraceae;__	d__Bacteria;p__Pseudomonadota;c__Gammaproteobacteria;o__Burkholderiales;f__Burkholderiaceae_A_595427;g__Sutterella	d__Bacteria;p__Bacillota_A_368345;c__Clostridia_258483;o__Oscillospirales;f__Ruminococcaceae;g__Gemmiger_A_73129	d__Archaea;p__Methanobacteriota_A_1229;c__Methanobacteria;o__Methanobacteriales;f__Methanobacteriaceae;g__Methanobrevibacter_A	d__Bacteria;p__Bacteroidota;c__Bacteroidia;o__Bacteroidales;f__Bacteroidaceae;g__Bacteroides_H_857956	d__Bacteria;__;__;__;__;__	d__Bacteria;p__Bacteroidota;c__Bacteroidia;o__Chitinophagales;f__Chitinophagaceae;g__Hydrotalea	d__Bacteria;p__Actinomycetota;c__Actinomycetes;o__Actinomycetales;f__Bifidobacteriaceae;g__Bifidobacterium_388775	d__Bacteria;p__Bacteroidota;c__Bacteroidia;o__Bacteroidales;f__Bacteroidaceae;g__Phocaeicola_A	d__Bacteria;p__Bacillota_A_368345;c__Clostridia_258483;o__Peptostreptococcales;f__Peptostreptococcaceae_256921;__	d__Bacteria;p__Bacillota_I;c__Bacilli_A;o__Lactobacillales;f__Enterococcaceae;g__Enterococcus_B	d__Bacteria;p__Bacillota_A_368345;c__Clostridia_258483;o__Lachnospirales;f__Lachnospiraceae;g__Blautia_A_141780	d__Bacteria;p__Bacillota_A_368345;c__Clostridia_258483;o__Lachnospirales;f__Lachnospiraceae;g__Eubacterium_G_180878	d__Bacteria;p__Bacillota_I;c__Bacilli_A;o__MOL361;f__Turicibacteraceae;g__Turicibacter	d__Bacteria;p__Bacillota_A_368345;c__Clostridia_258483;o__Lachnospirales;f__Lachnospiraceae;g__	d__Bacteria;p__Bacillota_A_368345;c__Clostridia_258483;o__Christensenellales;f__;g__	d__Bacteria;p__Bacillota_A_368345;c__Clostridia_258483;o__Christensenellales;f__Aristaeellaceae;g__SFMI01	d__Bacteria;p__Bacillota_I;c__Bacilli_A;o__Lactobacillales;f__Streptococcaceae;g__Streptococcus	d__Bacteria;p__Bacillota_A_368345;c__Clostridia_258483;o__Christensenellales;f__CAG-138;g__PeH17	d__Bacteria;p__Bacillota_A_368345;c__Clostridia_258483;o__Christensenellales;f__Christensenellaceae;g__	d__Bacteria;p__Bacillota_I;c__Bacilli_A;o__Lactobacillales;f__Lactobacillaceae;g__Lactobacillus	d__Bacteria;p__Bacillota_I;c__Bacilli_A;o__Lactobacillales;f__Lactobacillaceae;g__Lacticaseibacillus	d__Bacteria;p__Bacillota_I;c__Bacilli_A;o__Erysipelotrichales;f__Erysipelotrichaceae;g__Clostridium_AQ	d__Bacteria;p__Bacillota_C;c__Negativicutes;o__Veillonellales;f__Veillonellaceae;g__Veillonella_A	d__Bacteria;p__Bacillota_I;c__Bacilli_A;o__Lactobacillales;f__Aerococcaceae;g__Granulicatella	d__Bacteria;p__Bacillota_I;c__Bacilli_A;o__Staphylococcales;f__Gemellaceae;g__Gemella	d__Bacteria;p__Bacillota_I;c__Bacilli_A;o__Staphylococcales;f__Staphylococcaceae;g__Staphylococcus	d__Bacteria;p__Bacillota_I;c__Bacilli_A;o__Lactobacillales;f__Enterococcaceae;g__Enterococcus_H_360604	d__Bacteria;p__Bacillota_A_368345;c__Clostridia_258483;o__Clostridiales;f__Clostridiaceae_222000;g__Clostridium_T	d__Bacteria;p__Bacillota_A_368345;c__Clostridia_258483;o__Lachnospirales;f__Lachnospiraceae;g__Faecalimonas	d__Bacteria;p__Bacillota_I;c__Bacilli_A;o__Erysipelotrichales;f__Coprobacillaceae;g__Thomasclavelia	d__Bacteria;p__Bacillota_A_368345;c__Clostridia_258483;o__Lachnospirales;f__Lachnospiraceae;g__Eisenbergiella	d__Bacteria;p__Bacillota_A_368345;c__Clostridia_258483;o__Lachnospirales;f__Lachnospiraceae;g__Enterocloster	d__Bacteria;p__Actinomycetota;c__Coriobacteriia;o__Coriobacteriales;f__Eggerthellaceae;__	d__Bacteria;p__Actinomycetota;c__Coriobacteriia;o__Coriobacteriales;f__Coriobacteriaceae;g__Collinsella	d__Bacteria;p__Bacillota_A_368345;c__Clostridia_258483;o__Oscillospirales;f__Acutalibacteraceae;g__Ruminococcus_E	d__Bacteria;p__Bacillota_I;c__Bacilli_A;o__Erysipelotrichales;f__Coprobacillaceae;g__Faecalibacillus	d__Bacteria;p__Bacillota_I;c__Bacilli_A;o__Erysipelotrichales;f__Coprobacillaceae;g__	d__Bacteria;p__Bacillota_C;c__Negativicutes;o__Veillonellales;f__Dialisteraceae;g__Dialister_37762	d__Bacteria;p__Bacillota_I;c__Bacilli_A;o__Erysipelotrichales;f__Erysipelotrichaceae;g__Holdemania	d__Bacteria;p__Bacillota_A_368345;c__Clostridia_258483;o__Tissierellales;f__Peptoniphilaceae;g__Ezakiella	d__Bacteria;p__Bacillota_A_368345;c__Clostridia_258483;o__Oscillospirales;f__Ruminococcaceae;__	d__Bacteria;p__Bacteroidota;c__Bacteroidia;o__Bacteroidales;f__Bacteroidaceae;g__Prevotella	d__Bacteria;p__Verrucomicrobiota;c__Verrucomicrobiae;o__Verrucomicrobiales;f__Akkermansiaceae;g__Akkermansia	d__Bacteria;p__Bacillota_I;c__Bacilli_A;o__Erysipelotrichales;f__Coprobacillaceae;g__Coprobacillus	d__Bacteria;p__Bacillota_I;c__Bacilli_A;o__Erysipelotrichales;f__Erysipelotrichaceae;g__Bulleidia	d__Bacteria;p__Bacillota_I;c__Bacilli_A;o__Erysipelotrichales;f__Erysipelotrichaceae;g__Dielma	d__Bacteria;p__Bacillota_A_368345;c__Clostridia_258483;o__Lachnospirales;f__Lachnospiraceae;g__Ruminococcus_B	d__Bacteria;p__Bacillota_I;c__Bacilli_A;o__Erysipelotrichales;f__Erysipelotrichaceae;g__Merdibacter	d__Bacteria;p__Bacillota_A_368345;c__Clostridia_258483;o__Lachnospirales;f__Lachnospiraceae;g__Anaerobutyricum	d__Bacteria;p__Bacillota_I;c__Bacilli_A;o__Erysipelotrichales;f__Erysipelotrichaceae;g__Holdemanella	d__Bacteria;p__Bacillota_I;c__Bacilli_A;o__Erysipelotrichales;f__Erysipelotrichaceae;g__Longicatena	d__Bacteria;p__Patescibacteria;c__Paceibacteria;o__UBA9973;f__UBA9973;g__	d__Bacteria;p__Patescibacteria;c__Paceibacteria;o__UBA9973;f__UBA9973;g__UBA9973	d__Bacteria;p__Actinomycetota;c__Coriobacteriia;o__Coriobacteriales;f__Eggerthellaceae;g__Eggerthella	d__Bacteria;p__Bacteroidota;c__Bacteroidia;o__Bacteroidales;f__Marinifilaceae;g__Odoribacter_865974	d__Bacteria;p__Bacteroidota;c__Bacteroidia;o__Flavobacteriales_B_877923;f__Flavobacteriaceae;g__Flavobacterium	d__Bacteria;p__Bacillota_A_368345;c__Clostridia_258483;o__Lachnospirales;f__Lachnospiraceae;g__Roseburia_A_166204	d__Bacteria;p__Bacillota_C;c__Negativicutes;o__Veillonellales;f__Dialisteraceae;g__Dialister_36337	d__Bacteria;p__Bacillota_A_368345;c__Clostridia_258483;o__Oscillospirales;f__Ruminococcaceae;g__Ruthenibacterium	d__Bacteria;p__Bacillota_A_368345;c__Clostridia_258483;o__Oscillospirales;f__Acutalibacteraceae;g__Eubacterium_R	d__Bacteria;p__Bacillota_A_368345;c__Clostridia_258483;o__Lachnospirales;f__Lachnospiraceae;g__Limivivens	d__Bacteria;p__Bacillota_A_368345;c__Clostridia_258483;o__Oscillospirales;f__QAKW01;g__	d__Bacteria;p__Bacillota_A_368345;c__Clostridia_258483;o__TANB77;f__CAG-508;g__	d__Bacteria;p__Bacillota_A_368345;c__Clostridia_258483;o__TANB77;f__CAG-508;__	d__Bacteria;p__Bacillota_A_368345;c__Clostridia_258483;o__TANB77;f__CAG-508;g__CAG-269	d__Bacteria;p__Bacillota_A_368345;c__Clostridia_258483;o__Oscillospirales;f__Oscillospiraceae_88309;g__Hominicoprocola	d__Bacteria;p__Bacillota_A_368345;c__Clostridia_258483;o__Oscillospirales;f__Acutalibacteraceae;g__Fimenecus	d__Bacteria;p__Bacillota_A_368345;c__Clostridia_258483;o__Christensenellales;f__Aristaeellaceae;g__Onthenecus	d__Bacteria;p__Bacillota_A_368345;c__Clostridia_258483;o__Oscillospirales;f__Ruminococcaceae;g__Faecalibacterium	d__Bacteria;p__Bacillota_A_368345;c__Clostridia_258483;o__Oscillospirales;f__Ruminococcaceae;g__	d__Bacteria;p__Bacillota_A_368345;c__Clostridia_258483;o__Oscillospirales;f__Oscillospiraceae_88309;g__	d__Bacteria;p__Bacillota_C;c__Negativicutes;o__Acidaminococcales;f__Acidaminococcaceae;g__Acidaminococcus	d__Bacteria;p__Bacillota_A_368345;c__Clostridia_258483;o__Oscillospirales;f__Oscillospiraceae_88309;g__Vescimonas	d__Bacteria;p__Bacillota_A_368345;c__Clostridia_258483;o__Oscillospirales;f__Oscillospiraceae_88309;__	d__Bacteria;p__Bacteroidota;c__Bacteroidia;o__Bacteroidales;f__Tannerellaceae;g__Parabacteroides_B_862066	d__Bacteria;p__Bacteroidota;c__Bacteroidia;o__Bacteroidales;f__Barnesiellaceae;g__Barnesiella_B	d__Bacteria;p__Bacillota_A_368345;c__Clostridia_258483;o__Lachnospirales;f__Lachnospiraceae;g__Anaerostipes	d__Bacteria;p__Bacteroidota;c__Bacteroidia;o__Bacteroidales;f__Porphyromonadaceae;g__Porphyromonas_A	d__Bacteria;p__Actinomycetota;c__Actinomycetes;o__Actinomycetales;f__Actinomycetaceae;g__Pauljensenia	d__Bacteria;p__Bacillota_A_368345;c__Clostridia_258483;o__Oscillospirales;f__Oscillospiraceae_88309;g__Lawsonibacter	d__Bacteria;p__Bacillota_A_368345;c__Clostridia_258483;o__Clostridiales;f__Clostridiaceae_222000;__	d__Bacteria;p__Bacillota_A_368345;c__Clostridia_258483;o__Oscillospirales;f__Oscillospiraceae_88309;g__Dysosmobacter	d__Bacteria;p__Bacteroidota;c__Bacteroidia;o__Bacteroidales;f__Rikenellaceae;g__Alistipes_A_871404	d__Bacteria;p__Bacillota_A_368345;c__Clostridia_258483;o__Christensenellales;f__Aristaeellaceae;g__Limiplasma	d__Bacteria;p__Bacteroidota;c__Bacteroidia;o__Bacteroidales;f__Marinifilaceae;g__Butyricimonas	d__Bacteria;p__Patescibacteria;c__Saccharimonadia;o__Saccharimonadales;f__Nanosynbacteraceae;g__Nanosynbacter	d__Bacteria;p__Patescibacteria;c__Saccharimonadia;o__Saccharimonadales;f__Saccharimonadaceae;g__Saccharimonas	d__Bacteria;p__Cyanobacteriota;c__Chloroplast;o__;f__;g__	d__Bacteria;p__Bacillota_A_368345;c__Clostridia_258483;o__Oscillospirales;f__Acutalibacteraceae;g__Hominenteromicrobium	d__Bacteria;p__Bacillota_A_368345;c__Clostridia_258483;o__Oscillospirales;f__Acutalibacteraceae;g__UBA5905	d__Bacteria;p__Bacillota_A_368345;c__Clostridia_258483;o__Oscillospirales;f__Ruminococcaceae;g__Anaerotruncus	d__Bacteria;p__Bacillota_A_368345;c__Clostridia_258483;o__Oscillospirales;f__Acutalibacteraceae;g__Acutalibacter	d__Bacteria;p__Bacillota_A_368345;c__Clostridia_258483;o__Lachnospirales;f__Lachnospiraceae;g__Bariatricus	d__Bacteria;p__Bacillota_A_368345;c__Clostridia_258483;o__Oscillospirales;f__Ruminococcaceae;g__Angelakisella	d__Bacteria;p__Bacillota_B_370539;c__Dehalobacteriia;o__Dehalobacteriales;f__Dehalobacteriaceae;g__	d__Bacteria;p__Bacillota_A_368345;c__Clostridia_258483;o__Christensenellales;f__CAG-138;g__	d__Bacteria;p__Bacillota_A_368345;c__Clostridia_258483;o__Lachnospirales;f__Lachnospiraceae;g__Blautia_A_141781	d__Bacteria;p__Bacillota_A_368345;c__Clostridia_258483;o__Oscillospirales;f__Acutalibacteraceae;g__UBA737	d__Bacteria;p__Bacillota_A_368345;c__Clostridia_258483;o__Lachnospirales;f__Lachnospiraceae;g__Dorea_A	d__Bacteria;p__Pseudomonadota;c__Gammaproteobacteria;o__Enterobacterales_737866;f__Enterobacteriaceae_A_725029;__	d__Bacteria;p__Bacillota_A_368345;c__Clostridia_258483;o__Lachnospirales;f__Lachnospiraceae;g__Lachnospira	d__Bacteria;p__Actinomycetota;c__Coriobacteriia;o__Coriobacteriales;f__Eggerthellaceae;g__Adlercreutzia_A_404257	d__Bacteria;p__Bacillota_A_368345;c__Clostridia_258483;o__Oscillospirales;f__Ruminococcaceae;g__Hominimerdicola	d__Bacteria;p__Bacillota_A_368345;c__Clostridia_258483;o__Oscillospirales;f__Ruminococcaceae;g__Huintestinicola	d__Bacteria;p__Bacillota_A_368345;c__Clostridia_258483;o__Tissierellales;f__Peptoniphilaceae;g__Peptoniphilus_A	d__Bacteria;p__Pseudomonadota;c__Alphaproteobacteria;o__Rickettsiales;f__Mitochondria;g__	d__Bacteria;p__Pseudomonadota;c__Alphaproteobacteria;o__Rhizobiales_505101;f__Rhizobiaceae;g__Mesorhizobium_I	d__Bacteria;p__Bacillota_A_368345;c__Clostridia_258483;o__Peptostreptococcales;f__Peptostreptococcaceae_256921;g__Romboutsia_B	d__Bacteria;p__Bacillota_A_368345;c__Clostridia_258483;o__Peptostreptococcales;f__Peptostreptococcaceae_256921;g__Peptostreptococcus	d__Bacteria;p__Bacillota_A_368345;c__Clostridia_258483;o__Peptostreptococcales;f__Anaerovoracaceae;__	d__Bacteria;p__Bacillota_A_368345;c__Clostridia_258483;o__Peptostreptococcales;f__Anaerovoracaceae;g__Lentihominibacter	d__Bacteria;p__Bacillota_A_368345;c__Clostridia_258483;o__Peptostreptococcales;f__Anaerovoracaceae;g__	d__Bacteria;p__Bacillota_A_368345;c__Clostridia_258483;o__Lachnospirales;f__Anaerotignaceae;g__Anaerotignum_189125	d__Bacteria;p__Bacillota_A_368345;c__Clostridia_258483;o__Lachnospirales;f__Lachnospiraceae;g__Coprococcus_A_187866	d__Bacteria;p__Bacillota_A_368345;c__Clostridia_258483;o__Peptostreptococcales;f__Peptostreptococcaceae_256921;g__Terrisporobacter	d__Bacteria;p__Bacillota_A_368345;c__Clostridia_258483;o__Peptostreptococcales;f__Peptostreptococcaceae_256921;g__Intestinibacter	d__Bacteria;p__Fusobacteriota;c__Fusobacteriia;o__Fusobacteriales;f__Fusobacteriaceae;g__Fusobacterium_C	d__Bacteria;p__Bacillota_A_368345;c__Clostridia_258483;o__Oscillospirales;f__Acutalibacteraceae;g__CAG-177	d__Bacteria;p__Bacillota_A_368345;c__Clostridia_258483;o__Oscillospirales;f__Acutalibacteraceae;g__	d__Bacteria;p__Bacillota_A_368345;c__Clostridia_258483;o__Lachnospirales;f__Lachnospiraceae;g__Agathobacter_164117	d__Bacteria;p__Actinomycetota;c__Actinomycetes;o__Mycobacteriales;f__Mycobacteriaceae;g__Lawsonella	d__Bacteria;p__Bacillota_A_368345;c__Clostridia_258483;o__Lachnospirales;f__Lachnospiraceae;g__Otoolea_134252	d__Bacteria;p__Actinomycetota;c__Actinomycetes;o__Mycobacteriales;f__Mycobacteriaceae;g__Corynebacterium	d__Bacteria;p__Bacillota_A_368345;c__Clostridia_258483;o__Oscillospirales;f__Acutalibacteraceae;g__CAG-217	d__Bacteria;p__Bacillota_A_368345;c__Clostridia_258483;o__Lachnospirales;f__Lachnospiraceae;g__Schaedlerella	d__Bacteria;p__Bacillota_A_368345;c__Clostridia_258483;o__Christensenellales;f__Aristaeellaceae;g__	d__Bacteria;p__Actinomycetota;c__Actinomycetes;o__Actinomycetales;f__Actinomycetaceae;g__Actinomyces	d__Bacteria;p__Bacillota_A_368345;c__Clostridia_258483;o__Lachnospirales;f__Lachnospiraceae;g__Clostridium_AP_143938	d__Bacteria;p__Pseudomonadota;c__Gammaproteobacteria;o__Burkholderiales;f__Burkholderiaceae_A_595427;g__Parasutterella_564865	d__Bacteria;p__Bacillota_A_368345;c__Clostridia_258483;o__Lachnospirales;f__Lachnospiraceae;g__Acetatifactor	d__Bacteria;p__Bacillota_A_368345;c__Clostridia_258483;o__Oscillospirales;f__Acutalibacteraceae;g__Hydrogeniiclostridium	d__Bacteria;p__Bacillota_A_368345;c__Clostridia_258483;o__Lachnospirales;f__Anaerotignaceae;g__	d__Bacteria;p__Bacillota_A_368345;c__Clostridia_258483;o__;f__;g__	d__Bacteria;p__Bacillota_A_368345;c__Clostridia_258483;o__Peptostreptococcales;f__Anaerovoracaceae;g__Hominibacterium	d__Bacteria;p__Bacillota_A_368345;c__Clostridia_258483;o__Lachnospirales;f__Lachnospiraceae;g__Butyribacter	d__Bacteria;p__Bacillota_A_368345;c__Clostridia_258483;o__Lachnospirales;f__Lachnospiraceae;g__Alitiscatomonas	d__Bacteria;p__Bacillota_A_368345;c__Clostridia_258483;o__Oscillospirales;f__Acutalibacteraceae;g__Clostridium_A_51961	d__Bacteria;p__Bacillota_A_368345;c__Clostridia_258483;o__Tissierellales;f__Peptoniphilaceae;g__Parvimonas	d__Bacteria;p__Bacillota_A_368345;c__Clostridia_258483;o__Tissierellales;f__Peptoniphilaceae;g__Fenollaria	d__Bacteria;p__Bacillota_A_368345;c__Clostridia_258483;o__Lachnospirales;f__Lachnospiraceae;g__Sellimonas	d__Bacteria;p__Bacillota_A_368345;c__Clostridia_258483;o__Lachnospirales;f__Lachnospiraceae;g__Dorea_D_146760	d__Bacteria;p__Bacillota_A_368345;c__Clostridia_258483;o__Lachnospirales;f__Lachnospiraceae;g__Lachnoclostridium_B	d__Bacteria;p__Bacillota_A_368345;c__Clostridia_258483;o__Lachnospirales;f__Lachnospiraceae;g__Muricomes_149720	d__Bacteria;p__Bacillota_A_368345;c__Clostridia_258483;o__Lachnospirales;f__Lachnospiraceae;g__Massilistercora	d__Bacteria;p__Bacillota_A_368345;c__Clostridia_258483;o__Lachnospirales;f__Lachnospiraceae;g__Merdimonas	d__Bacteria;p__Bacillota_A_368345;c__Clostridia_258483;o__Lachnospirales;f__Lachnospiraceae;g__Fusicatenibacter	d__Bacteria;p__Bacillota_A_368345;c__Clostridia_258483;o__Lachnospirales;f__Lachnospiraceae;g__Mediterraneibacter_A_155507	d__Bacteria;p__Bacillota_A_368345;c__Clostridia_258483;o__Lachnospirales;f__Lachnospiraceae;g__Hominisplanchenecus_A	d__Bacteria;p__Bacillota_A_368345;c__Clostridia_258483;o__Lachnospirales;f__Lachnospiraceae;g__Blautia_A_141893	d__Bacteria;p__Bacillota_A_368345;c__Clostridia_258483;o__Lachnospirales;f__Lachnospiraceae;g__Scatomonas	d__Bacteria;p__Bacillota_A_368345;c__Clostridia_258483;o__Lachnospirales;f__Lachnospiraceae;g__Oribacterium	d__Bacteria;p__Bacillota_A_368345;c__Clostridia_258483;o__Lachnospirales;f__Lachnospiraceae;g__Eubacterium_I	d__Bacteria;p__Bacillota_A_368345;c__Clostridia_258483;o__Oscillospirales;f__Ruminococcaceae;g__Paludihabitans	d__Bacteria;p__Bacillota_A_368345;c__Clostridia_258483;o__Oscillospirales;f__Ruminococcaceae;g__Metaruminococcus_A	d__Bacteria;p__Bacillota_A_368345;c__Clostridia_258483;o__Lachnospirales;f__Lachnospiraceae;g__Clostridium_R_135822	d__Bacteria;p__Bacillota_A_368345;c__Clostridia_258483;o__Lachnospirales;f__Lachnospiraceae;g__Ventrisoma	d__Bacteria;p__Bacillota_A_368345;c__Clostridia_258483;o__Lachnospirales;f__Lachnospiraceae;g__Coprococcus_A_121497	d__Bacteria;p__Bacillota_A_368345;c__Clostridia_258483;o__Lachnospirales;f__Lachnospiraceae;g__Eubacterium_F	d__Bacteria;p__Bacillota_A_368345;c__Clostridia_258483;o__Oscillospirales;f__Acutalibacteraceae;g__Anaeromassilibacillus	d__Bacteria;p__Bacillota_A_368345;c__Clostridia_258483;o__Oscillospirales;f__Ruminococcaceae;g__Ruminiclostridium_E	d__Bacteria;p__Bacillota_A_368345;c__Clostridia_258483;o__Oscillospirales;f__Ruminococcaceae;g__Ruminococcus_C_58660	d__Bacteria;p__Bacillota_A_368345;c__Clostridia_258483;o__Oscillospirales;f__Oscillospiraceae_88309;g__Faecousia	d__Bacteria;p__Bacillota_A_368345;c__Clostridia_258483;o__Oscillospirales;f__Ruminococcaceae;g__Bittarella	d__Bacteria;p__Actinomycetota;c__Coriobacteriia;o__Coriobacteriales;f__Eggerthellaceae;g__Slackia	d__Bacteria;p__Desulfobacterota_G_459543;c__Desulfovibrionia;o__Desulfovibrionales;f__Desulfovibrionaceae;g__Desulfovibrio_446353	d__Bacteria;p__Bacillota_A_368345;c__Clostridia_258483;o__Eubacteriales;f__Anaerofustaceae;g__Anaerofustis	d__Bacteria;p__Bacillota_A_368345;c__Clostridia_258483;o__UBA1381;f__UBA1381;g__Hominilimicola	d__Bacteria;p__Pseudomonadota;c__Gammaproteobacteria;o__Enterobacterales_737866;f__Pasteurellaceae;g__Haemophilus_D_735815	d__Bacteria;p__Bacillota_A_368345;c__Clostridia_258483;o__Lachnospirales;f__Lachnospiraceae;g__Hungatella_A_128155	d__Bacteria;p__Pseudomonadota;c__Alphaproteobacteria;o__Sphingomonadales;f__Sphingomonadaceae_486827;g__Sphingomonas_L_486704	d__Bacteria;p__Pseudomonadota;c__Gammaproteobacteria;o__Pseudomonadales_A_650611;f__Pseudomonadaceae;g__Pseudomonas_E_647464	d__Bacteria;p__Bacillota_A_368345;c__Clostridia_258483;o__Oscillospirales;f__CAG-272;g__RUG13077	d__Bacteria;p__Bacillota_A_368345;c__Clostridia_258483;o__Oscillospirales;f__Oscillospiraceae_88309;g__Intestinimonas	d__Bacteria;p__Bacillota_A_368345;c__Clostridia_258483;o__Oscillospirales;f__Oscillospiraceae_88309;g__Limivicinus	d__Bacteria;p__Bacillota_A_368345;c__Clostridia_258483;o__Christensenellales;f__Christensenellaceae;g__Christensenella	d__Bacteria;p__Bacillota_A_368345;c__Clostridia_258483;o__Oscillospirales;f__UBA644;g__UBA644	d__Bacteria;p__Bacillota_A_368345;c__Clostridia_258483;o__Oscillospirales;f__CAG-382;g__SFLA01	d__Bacteria;p__Bacillota_A_368345;c__Clostridia_258483;o__Oscillospirales;f__Oscillospiraceae_88309;g__Onthomonas	d__Bacteria;p__Bacillota_A_368345;c__Clostridia_258483;o__Oscillospirales;f__Oscillospiraceae_88309;g__Evtepia	d__Bacteria;p__Actinomycetota;c__Coriobacteriia;o__Coriobacteriales;f__Eggerthellaceae;g__Anaerotardibacter	d__Bacteria;p__Bacillota_A_368345;c__Clostridia_258483;o__Oscillospirales;f__Ruminococcaceae;g__Merdimmobilis	d__Bacteria;p__Actinomycetota;c__Coriobacteriia;o__Coriobacteriales;f__Eggerthellaceae;g__Gordonibacter	d__Bacteria;p__Pseudomonadota;c__Gammaproteobacteria;o__Burkholderiales;f__Burkholderiaceae_A_595421;g__Oxalobacter	d__Bacteria;p__Bacillota_A_368345;c__Clostridia_258483;o__Oscillospirales;f__Ruminococcaceae;g__Negativibacillus	d__Bacteria;p__Bacillota_A_368345;c__Clostridia_258483;o__Oscillospirales;f__Acutalibacteraceae;g__Solibaculum	d__Bacteria;p__Bacillota_A_368345;c__Clostridia_258483;o__Oscillospirales;f__Acutalibacteraceae;g__UMGS1071	d__Bacteria;p__Bacillota_A_368345;c__Clostridia_258483;o__Monoglobales;f__Monoglobaceae;g__Monoglobus
SRR23478191	0.0	114.0	0.0	0.0	15.0	27.0	0.0	0.0	0.0	179.0	0.0	0.0	22.0	559.0	0.0	309.0	12.0	45.0	0.0	0.0	0.0	0.0	7.0	0.0	0.0	0.0	0.0	4.0	28.0	8.0	5.0	0.0	0.0	1.0	0.0	17.0	0.0	931.0	0.0	0.0	39.0	0.0	0.0	2.0	0.0	0.0	0.0	2.0	2.0	0.0	1.0	1.0	89.0	0.0	5.0	0.0	0.0	0.0	0.0	14.0	0.0	0.0	0.0	0.0	4.0	0.0	0.0	0.0	0.0	0.0	0.0	0.0	0.0	0.0	221.0	0.0	0.0	457.0	0.0	0.0	28.0	0.0	34.0	0.0	7.0	0.0	0.0	0.0	0.0	0.0	0.0	0.0	0.0	0.0	0.0	0.0	0.0	0.0	0.0	0.0	0.0	0.0	100.0	0.0	177.0	0.0	24.0	0.0	0.0	0.0	0.0	0.0	0.0	1.0	0.0	0.0	0.0	0.0	0.0	0.0	0.0	0.0	0.0	0.0	0.0	2311.0	0.0	0.0	0.0	0.0	3.0	0.0	2.0	0.0	362.0	0.0	0.0	0.0	0.0	0.0	0.0	6.0	0.0	0.0	0.0	0.0	0.0	0.0	0.0	0.0	0.0	13.0	49.0	0.0	0.0	0.0	0.0	3.0	0.0	0.0	0.0	0.0	0.0	0.0	0.0	0.0	0.0	0.0	0.0	0.0	0.0	0.0	2.0	0.0	17.0	1.0	0.0	0.0	0.0	0.0	0.0	0.0	0.0	0.0	0.0	0.0	0.0	0.0	0.0	0.0	0.0	6.0	0.0
SRR23478195	0.0	107.0	0.0	0.0	0.0	0.0	0.0	0.0	1.0	2.0	0.0	0.0	175.0	2.0	4.0	0.0	0.0	0.0	55.0	0.0	0.0	0.0	13.0	0.0	0.0	0.0	3.0	0.0	25.0	10.0	2.0	1.0	0.0	53.0	0.0	1.0	0.0	0.0	0.0	0.0	0.0	0.0	0.0	0.0	0.0	0.0	0.0	0.0	86.0	0.0	0.0	0.0	12.0	0.0	0.0	0.0	0.0	0.0	0.0	0.0	0.0	0.0	0.0	0.0	0.0	0.0	0.0	0.0	0.0	0.0	0.0	0.0	1.0	0.0	6.0	0.0	0.0	0.0	0.0	0.0	0.0	0.0	2.0	0.0	0.0	0.0	0.0	0.0	3.0	0.0	0.0	0.0	0.0	0.0	0.0	0.0	0.0	0.0	0.0	0.0	0.0	0.0	31.0	0.0	0.0	0.0	4.0	0.0	0.0	0.0	0.0	0.0	0.0	5664.0	0.0	0.0	0.0	0.0	0.0	0.0	0.0	3.0	0.0	0.0	0.0	0.0	0.0	0.0	2.0	0.0	0.0	0.0	0.0	0.0	0.0	0.0	0.0	0.0	0.0	0.0	0.0	0.0	0.0	0.0	0.0	0.0	0.0	0.0	0.0	0.0	0.0	0.0	0.0	0.0	0.0	0.0	0.0	0.0	0.0	0.0	0.0	0.0	0.0	0.0	0.0	0.0	0.0	0.0	0.0	0.0	0.0	0.0	9.0	5.0	0.0	0.0	0.0	0.0	0.0	0.0	0.0	0.0	0.0	0.0	0.0	0.0	0.0	0.0	0.0	0.0	0.0	0.0	0.0
SRR23478196	0.0	291.0	0.0	0.0	0.0	108.0	1.0	0.0	0.0	0.0	1.0	0.0	744.0	0.0	0.0	5.0	45.0	0.0	1.0	0.0	0.0	0.0	388.0	0.0	0.0	0.0	5.0	7.0	697.0	45.0	504.0	1.0	0.0	629.0	0.0	274.0	0.0	3.0	0.0	0.0	0.0	2.0	0.0	0.0	0.0	0.0	0.0	8.0	4.0	1.0	0.0	0.0	353.0	0.0	0.0	0.0	0.0	3.0	0.0	101.0	0.0	1.0	0.0	0.0	0.0	1.0	0.0	0.0	0.0	0.0	0.0	0.0	0.0	0.0	0.0	0.0	0.0	0.0	0.0	0.0	0.0	0.0	0.0	2.0	16.0	0.0	0.0	0.0	0.0	0.0	0.0	0.0	0.0	0.0	0.0	0.0	0.0	0.0	0.0	0.0	0.0	0.0	0.0	0.0	0.0	0.0	0.0	0.0	0.0	0.0	0.0	1.0	0.0	4.0	0.0	0.0	0.0	0.0	0.0	0.0	3.0	12.0	9.0	0.0	0.0	0.0	0.0	0.0	1.0	0.0	0.0	0.0	0.0	0.0	0.0	0.0	0.0	0.0	0.0	0.0	0.0	1.0	0.0	1.0	0.0	120.0	0.0	0.0	0.0	0.0	0.0	0.0	414.0	0.0	0.0	0.0	0.0	0.0	0.0	0.0	0.0	0.0	0.0	0.0	0.0	0.0	0.0	0.0	0.0	0.0	0.0	0.0	37.0	1148.0	3.0	0.0	1.0	0.0	0.0	0.0	0.0	0.0	0.0	0.0	0.0	0.0	0.0	0.0	0.0	0.0	0.0	2.0	0.0
SRR23478197	0.0	28.0	8.0	0.0	0.0	0.0	0.0	0.0	0.0	384.0	0.0	0.0	1321.0	406.0	0.0	1.0	0.0	0.0	0.0	0.0	0.0	0.0	2904.0	0.0	0.0	0.0	0.0	7.0	91.0	4.0	0.0	0.0	9.0	6.0	0.0	116.0	0.0	23.0	0.0	3.0	0.0	0.0	0.0	0.0	0.0	0.0	0.0	0.0	9.0	0.0	1.0	0.0	352.0	0.0	0.0	0.0	0.0	0.0	0.0	219.0	0.0	3.0	0.0	0.0	0.0	0.0	0.0	0.0	0.0	0.0	0.0	0.0	0.0	0.0	0.0	0.0	0.0	0.0	0.0	0.0	10.0	0.0	50.0	0.0	8.0	6.0	0.0	0.0	0.0	0.0	0.0	1.0	0.0	1.0	0.0	0.0	0.0	0.0	0.0	0.0	0.0	0.0	0.0	0.0	0.0	0.0	0.0	0.0	0.0	0.0	0.0	5.0	0.0	41.0	0.0	0.0	0.0	0.0	0.0	0.0	8.0	0.0	0.0	0.0	0.0	0.0	0.0	0.0	0.0	0.0	0.0	0.0	0.0	0.0	0.0	0.0	0.0	0.0	0.0	0.0	0.0	0.0	0.0	0.0	0.0	2.0	0.0	0.0	0.0	0.0	0.0	0.0	0.0	0.0	0.0	0.0	0.0	0.0	0.0	0.0	0.0	0.0	0.0	0.0	0.0	0.0	0.0	0.0	0.0	0.0	0.0	0.0	0.0	2.0	1.0	0.0	0.0	0.0	0.0	0.0	0.0	0.0	0.0	0.0	0.0	0.0	0.0	0.0	0.0	0.0	0.0	8.0	0.0
SRR23478198	0.0	24.0	0.0	0.0	0.0	0.0	0.0	0.0	0.0	6.0	0.0	0.0	241.0	0.0	0.0	0.0	36.0	0.0	0.0	0.0	0.0	0.0	169.0	0.0	0.0	0.0	0.0	45.0	13.0	4.0	2.0	0.0	934.0	2517.0	12.0	149.0	292.0	0.0	0.0	258.0	0.0	0.0	26.0	0.0	0.0	0.0	0.0	0.0	74.0	0.0	24.0	0.0	259.0	0.0	3.0	0.0	25.0	0.0	0.0	0.0	0.0	8.0	0.0	0.0	0.0	0.0	0.0	0.0	0.0	0.0	0.0	0.0	0.0	0.0	92.0	0.0	0.0	0.0	0.0	0.0	0.0	17.0	49.0	0.0	2.0	0.0	0.0	0.0	0.0	0.0	0.0	0.0	0.0	0.0	0.0	0.0	10.0	0.0	0.0	0.0	0.0	0.0	585.0	0.0	40.0	0.0	0.0	0.0	0.0	0.0	0.0	0.0	0.0	88.0	6.0	0.0	0.0	0.0	0.0	5.0	0.0	2.0	0.0	0.0	0.0	10.0	0.0	0.0	6.0	0.0	50.0	0.0	1.0	30.0	1.0	0.0	0.0	0.0	0.0	0.0	0.0	0.0	0.0	0.0	0.0	0.0	0.0	0.0	0.0	0.0	0.0	0.0	8.0	0.0	0.0	0.0	0.0	0.0	0.0	0.0	0.0	0.0	0.0	0.0	0.0	0.0	0.0	0.0	0.0	0.0	0.0	0.0	129.0	0.0	0.0	0.0	6.0	0.0	0.0	0.0	0.0	0.0	0.0	0.0	0.0	0.0	0.0	0.0	0.0	0.0	0.0	5.0	0.0
SRR23478199	0.0	3199.0	0.0	0.0	4.0	27.0	0.0	412.0	0.0	23.0	0.0	0.0	153.0	0.0	1.0	0.0	26.0	0.0	18.0	0.0	0.0	0.0	55.0	0.0	0.0	0.0	0.0	29.0	84.0	0.0	1.0	0.0	0.0	47.0	13.0	116.0	1.0	2.0	0.0	3.0	281.0	0.0	0.0	11.0	4.0	0.0	0.0	0.0	10.0	1.0	7.0	0.0	75.0	0.0	0.0	0.0	0.0	0.0	0.0	158.0	0.0	0.0	4.0	0.0	3.0	0.0	0.0	0.0	0.0	0.0	0.0	0.0	0.0	0.0	222.0	0.0	0.0	0.0	0.0	0.0	0.0	0.0	7.0	0.0	0.0	0.0	23.0	0.0	0.0	0.0	0.0	3.0	0.0	2.0	0.0	1.0	0.0	6.0	0.0	0.0	0.0	0.0	566.0	0.0	1.0	0.0	12.0	0.0	23.0	0.0	0.0	0.0	0.0	14.0	0.0	0.0	0.0	0.0	0.0	0.0	0.0	12.0	0.0	0.0	201.0	32.0	0.0	0.0	0.0	0.0	18.0	0.0	2.0	54.0	164.0	2.0	0.0	2.0	0.0	0.0	0.0	0.0	0.0	2.0	0.0	6.0	0.0	4.0	0.0	0.0	0.0	68.0	0.0	0.0	0.0	0.0	0.0	0.0	0.0	0.0	0.0	0.0	0.0	0.0	2.0	0.0	3.0	0.0	0.0	0.0	0.0	0.0	0.0	0.0	3.0	0.0	0.0	0.0	0.0	0.0	0.0	0.0	0.0	0.0	0.0	0.0	0.0	10.0	0.0	0.0	0.0	13.0	0.0
SRR23478200	1.0	1624.0	0.0	0.0	0.0	0.0	0.0	1.0	0.0	1.0	0.0	0.0	1248.0	28.0	2.0	245.0	314.0	0.0	0.0	0.0	0.0	0.0	56.0	0.0	0.0	0.0	0.0	227.0	33.0	0.0	0.0	1.0	4.0	3.0	6.0	644.0	24.0	22.0	0.0	1.0	2.0	0.0	0.0	0.0	0.0	0.0	0.0	0.0	12.0	0.0	5.0	0.0	307.0	2.0	0.0	0.0	0.0	0.0	0.0	176.0	0.0	0.0	3.0	0.0	81.0	1.0	0.0	0.0	0.0	0.0	0.0	0.0	0.0	0.0	16.0	0.0	0.0	0.0	0.0	0.0	1.0	0.0	6.0	0.0	4.0	0.0	1.0	0.0	0.0	0.0	0.0	1.0	0.0	0.0	0.0	0.0	0.0	0.0	0.0	0.0	0.0	0.0	865.0	0.0	0.0	1.0	3.0	0.0	0.0	0.0	0.0	0.0	0.0	65.0	1.0	0.0	0.0	0.0	0.0	0.0	7.0	12.0	0.0	0.0	0.0	0.0	0.0	1.0	0.0	0.0	0.0	0.0	0.0	90.0	1.0	0.0	0.0	0.0	0.0	0.0	0.0	0.0	0.0	0.0	0.0	2.0	0.0	0.0	6.0	0.0	45.0	0.0	0.0	0.0	0.0	0.0	0.0	0.0	0.0	0.0	0.0	0.0	0.0	0.0	0.0	0.0	0.0	0.0	1.0	0.0	0.0	0.0	0.0	0.0	4.0	0.0	1.0	0.0	2.0	0.0	0.0	0.0	0.0	0.0	0.0	0.0	0.0	1.0	0.0	0.0	11.0	13.0	0.0
SRR23478201	0.0	594.0	0.0	0.0	1.0	0.0	0.0	0.0	0.0	152.0	0.0	0.0	776.0	1.0	0.0	19.0	0.0	0.0	10.0	0.0	0.0	0.0	1027.0	0.0	0.0	0.0	0.0	77.0	1.0	1.0	0.0	1.0	1.0	5.0	19.0	1962.0	0.0	2.0	0.0	0.0	0.0	0.0	0.0	0.0	0.0	0.0	0.0	0.0	9.0	494.0	1.0	0.0	51.0	0.0	0.0	0.0	0.0	0.0	0.0	264.0	0.0	0.0	0.0	0.0	0.0	0.0	0.0	0.0	0.0	0.0	0.0	0.0	0.0	0.0	1.0	0.0	0.0	0.0	0.0	0.0	0.0	1.0	158.0	0.0	0.0	0.0	0.0	0.0	0.0	0.0	0.0	5.0	0.0	3.0	0.0	0.0	6.0	0.0	0.0	0.0	0.0	0.0	579.0	0.0	5.0	3.0	0.0	0.0	0.0	0.0	0.0	1.0	0.0	10.0	0.0	0.0	0.0	0.0	0.0	0.0	0.0	3.0	0.0	0.0	0.0	0.0	0.0	0.0	0.0	0.0	0.0	0.0	0.0	0.0	0.0	0.0	0.0	0.0	0.0	0.0	0.0	0.0	0.0	0.0	0.0	0.0	0.0	0.0	0.0	0.0	0.0	0.0	0.0	0.0	0.0	0.0	0.0	0.0	0.0	0.0	0.0	0.0	0.0	0.0	0.0	0.0	0.0	0.0	0.0	0.0	0.0	0.0	0.0	0.0	3.0	0.0	0.0	0.0	0.0	0.0	0.0	0.0	0.0	0.0	0.0	0.0	0.0	0.0	0.0	0.0	0.0	0.0	0.0
SRR23478202	2.0	4.0	0.0	1.0	16.0	10.0	1.0	439.0	0.0	15.0	0.0	0.0	187.0	153.0	0.0	29.0	0.0	5.0	8.0	0.0	1.0	0.0	26.0	0.0	0.0	0.0	0.0	0.0	6.0	0.0	3.0	0.0	0.0	18.0	0.0	0.0	46.0	8.0	0.0	60.0	322.0	34.0	0.0	3.0	2.0	0.0	0.0	0.0	3085.0	0.0	1.0	1.0	2.0	0.0	19.0	20.0	0.0	0.0	0.0	24.0	0.0	0.0	8.0	0.0	94.0	0.0	3.0	1.0	0.0	0.0	0.0	0.0	64.0	40.0	408.0	1.0	0.0	0.0	26.0	0.0	0.0	0.0	105.0	0.0	10.0	2.0	0.0	4.0	0.0	11.0	0.0	3.0	0.0	0.0	0.0	4.0	0.0	0.0	44.0	0.0	2.0	0.0	92.0	0.0	37.0	0.0	0.0	32.0	8.0	0.0	0.0	0.0	0.0	27.0	0.0	0.0	13.0	0.0	1.0	0.0	3.0	28.0	0.0	0.0	0.0	7.0	0.0	7.0	0.0	0.0	0.0	0.0	0.0	7.0	3.0	0.0	1.0	0.0	0.0	23.0	1.0	20.0	1.0	0.0	0.0	0.0	0.0	38.0	0.0	3.0	82.0	5.0	44.0	0.0	9.0	3.0	5.0	8.0	1.0	0.0	0.0	71.0	0.0	0.0	2.0	0.0	6.0	2.0	1.0	0.0	0.0	0.0	251.0	0.0	16.0	0.0	0.0	0.0	1.0	0.0	4.0	0.0	0.0	0.0	0.0	0.0	2.0	0.0	0.0	0.0	1.0	1.0	0.0
SRR23478203	0.0	150.0	0.0	0.0	8.0	20.0	0.0	4.0	0.0	69.0	0.0	0.0	1380.0	8.0	10.0	5.0	10.0	0.0	13.0	0.0	0.0	0.0	1224.0	0.0	0.0	0.0	0.0	3.0	51.0	41.0	20.0	38.0	0.0	25.0	0.0	149.0	0.0	0.0	6.0	0.0	221.0	12.0	0.0	2.0	0.0	0.0	0.0	0.0	21.0	0.0	0.0	0.0	39.0	0.0	1.0	0.0	0.0	1.0	0.0	296.0	0.0	0.0	0.0	0.0	0.0	2.0	0.0	0.0	0.0	0.0	0.0	0.0	0.0	0.0	1.0	0.0	0.0	0.0	0.0	0.0	9.0	0.0	139.0	0.0	2.0	0.0	0.0	0.0	0.0	0.0	0.0	12.0	0.0	50.0	0.0	0.0	0.0	0.0	0.0	0.0	0.0	0.0	553.0	0.0	22.0	6.0	63.0	0.0	0.0	0.0	0.0	2.0	0.0	397.0	0.0	0.0	0.0	0.0	0.0	0.0	44.0	186.0	0.0	0.0	1.0	3.0	5.0	0.0	8.0	0.0	0.0	0.0	1.0	4.0	0.0	0.0	0.0	0.0	0.0	0.0	0.0	3.0	0.0	0.0	0.0	1.0	0.0	0.0	0.0	0.0	0.0	0.0	770.0	0.0	0.0	0.0	0.0	0.0	0.0	0.0	0.0	0.0	0.0	0.0	0.0	1.0	0.0	0.0	0.0	0.0	0.0	0.0	0.0	7.0	0.0	2.0	4.0	0.0	0.0	0.0	0.0	0.0	0.0	0.0	0.0	0.0	0.0	0.0	0.0	0.0	0.0	0.0	0.0
SRR23478204	2.0	56.0	0.0	0.0	0.0	7.0	0.0	1.0	0.0	0.0	0.0	0.0	10.0	0.0	0.0	0.0	2.0	0.0	18.0	0.0	0.0	0.0	386.0	0.0	0.0	36.0	0.0	4.0	51.0	35.0	334.0	0.0	0.0	15.0	91.0	250.0	14.0	111.0	0.0	1.0	1.0	1.0	0.0	0.0	0.0	0.0	0.0	0.0	8.0	3.0	0.0	0.0	58.0	0.0	0.0	0.0	0.0	0.0	0.0	238.0	0.0	0.0	1890.0	0.0	12.0	0.0	0.0	0.0	0.0	0.0	1351.0	0.0	0.0	0.0	0.0	0.0	0.0	0.0	0.0	0.0	0.0	0.0	1.0	1.0	1.0	0.0	0.0	0.0	0.0	0.0	0.0	3.0	0.0	61.0	0.0	0.0	0.0	0.0	0.0	0.0	0.0	0.0	246.0	0.0	11.0	2.0	33.0	0.0	216.0	0.0	0.0	3.0	0.0	16.0	0.0	0.0	0.0	0.0	0.0	0.0	8.0	37.0	6.0	0.0	0.0	0.0	1.0	1.0	0.0	0.0	0.0	0.0	0.0	0.0	0.0	0.0	0.0	0.0	0.0	0.0	0.0	0.0	0.0	0.0	0.0	0.0	0.0	0.0	0.0	0.0	0.0	239.0	1.0	0.0	0.0	0.0	0.0	0.0	0.0	0.0	0.0	0.0	0.0	0.0	0.0	0.0	0.0	0.0	0.0	0.0	0.0	0.0	121.0	2.0	3.0	0.0	1.0	0.0	0.0	0.0	0.0	0.0	0.0	0.0	0.0	0.0	0.0	0.0	0.0	0.0	0.0	0.0	0.0
SRR23478205	0.0	3459.0	0.0	0.0	5.0	5.0	0.0	0.0	0.0	0.0	0.0	0.0	254.0	3.0	0.0	43.0	0.0	0.0	82.0	0.0	0.0	0.0	302.0	0.0	0.0	1.0	0.0	1.0	13.0	6.0	1.0	3.0	43.0	97.0	24.0	32.0	1.0	0.0	0.0	0.0	7.0	0.0	0.0	1.0	0.0	0.0	0.0	1.0	0.0	0.0	0.0	0.0	9.0	0.0	13.0	0.0	0.0	0.0	0.0	0.0	0.0	0.0	0.0	0.0	8.0	0.0	0.0	0.0	0.0	0.0	0.0	0.0	0.0	0.0	118.0	0.0	0.0	0.0	0.0	0.0	0.0	0.0	7.0	0.0	2.0	0.0	7.0	0.0	0.0	0.0	0.0	2.0	0.0	13.0	0.0	0.0	0.0	0.0	0.0	0.0	0.0	0.0	42.0	0.0	16.0	10.0	0.0	0.0	12.0	0.0	1.0	1.0	0.0	376.0	0.0	0.0	0.0	0.0	0.0	0.0	11.0	723.0	0.0	0.0	0.0	20.0	16.0	0.0	2.0	0.0	0.0	0.0	0.0	0.0	0.0	0.0	0.0	0.0	0.0	0.0	0.0	0.0	0.0	0.0	0.0	0.0	0.0	0.0	0.0	0.0	0.0	5.0	0.0	0.0	0.0	0.0	0.0	0.0	2.0	5.0	0.0	0.0	0.0	0.0	0.0	0.0	0.0	0.0	0.0	42.0	0.0	0.0	6.0	8.0	0.0	0.0	11.0	0.0	0.0	0.0	0.0	0.0	0.0	0.0	0.0	0.0	0.0	0.0	0.0	0.0	1.0	0.0	44.0
SRR23478206	4.0	355.0	0.0	0.0	0.0	0.0	0.0	0.0	0.0	267.0	0.0	0.0	2453.0	176.0	0.0	0.0	0.0	0.0	0.0	0.0	0.0	0.0	90.0	0.0	0.0	0.0	0.0	28.0	1095.0	2.0	4.0	0.0	0.0	6.0	31.0	2.0	27.0	6.0	0.0	0.0	0.0	269.0	0.0	0.0	0.0	0.0	0.0	0.0	577.0	0.0	1.0	0.0	192.0	0.0	0.0	0.0	0.0	0.0	0.0	73.0	6.0	0.0	0.0	1.0	11.0	0.0	0.0	0.0	0.0	0.0	0.0	0.0	0.0	0.0	13.0	0.0	0.0	0.0	0.0	0.0	3.0	0.0	293.0	0.0	0.0	0.0	1.0	0.0	0.0	0.0	0.0	1.0	0.0	1.0	0.0	0.0	0.0	0.0	0.0	0.0	0.0	0.0	145.0	0.0	0.0	0.0	0.0	0.0	0.0	0.0	0.0	0.0	0.0	20.0	0.0	0.0	13.0	0.0	0.0	0.0	3.0	12.0	0.0	0.0	3.0	0.0	0.0	0.0	0.0	0.0	0.0	0.0	0.0	0.0	0.0	0.0	0.0	0.0	0.0	0.0	0.0	0.0	0.0	0.0	0.0	29.0	0.0	0.0	0.0	0.0	0.0	0.0	0.0	0.0	0.0	0.0	0.0	0.0	0.0	0.0	0.0	0.0	0.0	0.0	0.0	0.0	0.0	0.0	0.0	0.0	0.0	0.0	0.0	27.0	0.0	0.0	0.0	0.0	0.0	0.0	0.0	0.0	0.0	0.0	0.0	0.0	0.0	0.0	0.0	0.0	0.0	39.0	0.0
SRR23478207	0.0	58.0	3.0	0.0	11.0	5.0	0.0	20.0	0.0	303.0	0.0	0.0	353.0	156.0	0.0	1313.0	0.0	4.0	1.0	0.0	0.0	0.0	344.0	0.0	0.0	0.0	0.0	4.0	92.0	7.0	6.0	0.0	0.0	354.0	279.0	63.0	6.0	1.0	1.0	58.0	263.0	0.0	0.0	0.0	0.0	0.0	0.0	1.0	68.0	0.0	1.0	5.0	70.0	0.0	51.0	0.0	0.0	0.0	0.0	27.0	0.0	3.0	325.0	0.0	0.0	0.0	0.0	0.0	1.0	0.0	0.0	0.0	4.0	0.0	155.0	0.0	0.0	0.0	0.0	0.0	0.0	0.0	235.0	0.0	11.0	6.0	0.0	1.0	0.0	0.0	0.0	3.0	0.0	30.0	0.0	0.0	1.0	0.0	0.0	0.0	0.0	0.0	1142.0	0.0	0.0	0.0	17.0	0.0	0.0	0.0	0.0	2.0	0.0	14.0	0.0	0.0	2.0	0.0	0.0	0.0	20.0	28.0	0.0	1.0	0.0	0.0	0.0	0.0	2.0	31.0	0.0	0.0	0.0	1.0	0.0	94.0	0.0	0.0	0.0	0.0	1.0	2.0	0.0	0.0	0.0	2.0	0.0	0.0	0.0	0.0	0.0	52.0	0.0	0.0	0.0	0.0	0.0	0.0	0.0	0.0	0.0	0.0	0.0	0.0	1.0	33.0	0.0	6.0	0.0	0.0	0.0	0.0	42.0	27.0	0.0	0.0	2.0	0.0	0.0	0.0	0.0	4.0	0.0	0.0	0.0	0.0	5.0	0.0	6.0	0.0	0.0	15.0	0.0
SRR23478208	109.0	23.0	0.0	0.0	7.0	2.0	1.0	1.0	0.0	115.0	0.0	0.0	282.0	652.0	0.0	0.0	13.0	0.0	0.0	0.0	1.0	0.0	43.0	0.0	0.0	0.0	0.0	8.0	0.0	2.0	3.0	0.0	0.0	2.0	13.0	18.0	590.0	15.0	0.0	0.0	0.0	0.0	0.0	3.0	2.0	0.0	0.0	0.0	3326.0	4.0	0.0	0.0	6.0	0.0	0.0	0.0	5.0	0.0	0.0	40.0	2.0	0.0	60.0	0.0	207.0	0.0	0.0	0.0	0.0	0.0	0.0	0.0	0.0	0.0	58.0	0.0	0.0	0.0	0.0	3.0	0.0	0.0	99.0	0.0	3.0	0.0	0.0	21.0	0.0	0.0	0.0	0.0	0.0	3.0	0.0	0.0	11.0	45.0	0.0	0.0	0.0	0.0	86.0	0.0	74.0	0.0	0.0	0.0	0.0	0.0	0.0	0.0	0.0	4.0	0.0	0.0	8.0	0.0	0.0	0.0	0.0	1.0	0.0	1.0	30.0	0.0	1.0	0.0	2.0	0.0	6.0	0.0	0.0	3.0	0.0	0.0	0.0	1.0	0.0	0.0	0.0	0.0	154.0	0.0	0.0	12.0	0.0	0.0	0.0	6.0	0.0	0.0	4.0	0.0	0.0	2.0	0.0	0.0	0.0	0.0	1.0	0.0	0.0	0.0	4.0	0.0	0.0	0.0	0.0	0.0	0.0	1.0	0.0	0.0	2.0	0.0	2.0	0.0	6.0	0.0	0.0	0.0	0.0	0.0	3.0	0.0	4.0	0.0	0.0	0.0	2.0	14.0	0.0
SRR23478209	0.0	102.0	32.0	0.0	0.0	0.0	0.0	1.0	0.0	8.0	2.0	0.0	1543.0	20.0	2.0	0.0	89.0	0.0	44.0	0.0	0.0	0.0	519.0	0.0	0.0	1.0	0.0	3.0	0.0	182.0	37.0	0.0	1.0	392.0	15.0	4.0	0.0	0.0	5.0	205.0	234.0	482.0	0.0	0.0	0.0	0.0	0.0	0.0	35.0	0.0	14.0	0.0	123.0	0.0	99.0	0.0	9.0	0.0	0.0	43.0	0.0	6.0	29.0	0.0	0.0	2.0	0.0	0.0	0.0	0.0	0.0	0.0	0.0	0.0	7.0	0.0	0.0	0.0	0.0	0.0	0.0	0.0	56.0	0.0	30.0	0.0	15.0	1.0	0.0	5.0	0.0	22.0	1.0	24.0	0.0	0.0	0.0	0.0	0.0	0.0	0.0	0.0	730.0	0.0	180.0	2.0	3.0	0.0	3.0	0.0	2.0	8.0	0.0	198.0	0.0	2.0	0.0	0.0	0.0	5.0	244.0	141.0	0.0	0.0	0.0	0.0	0.0	0.0	2.0	58.0	26.0	0.0	0.0	22.0	0.0	0.0	0.0	0.0	0.0	1.0	0.0	0.0	0.0	0.0	0.0	87.0	0.0	0.0	0.0	0.0	4.0	3.0	22.0	0.0	0.0	1.0	0.0	0.0	0.0	0.0	0.0	0.0	0.0	0.0	0.0	0.0	0.0	0.0	0.0	0.0	0.0	0.0	0.0	0.0	0.0	0.0	12.0	0.0	0.0	0.0	2.0	0.0	0.0	0.0	7.0	0.0	0.0	3.0	0.0	0.0	0.0	5.0	0.0
SRR23478210	29.0	13.0	1.0	0.0	19.0	0.0	2.0	0.0	0.0	1237.0	0.0	0.0	694.0	590.0	0.0	0.0	2.0	6.0	26.0	1.0	0.0	0.0	118.0	0.0	0.0	0.0	0.0	0.0	6.0	0.0	6.0	0.0	0.0	2.0	0.0	1.0	0.0	8.0	0.0	0.0	212.0	349.0	0.0	0.0	3.0	0.0	0.0	0.0	194.0	0.0	0.0	9.0	5.0	0.0	86.0	0.0	0.0	2.0	0.0	14.0	19.0	7.0	60.0	0.0	42.0	2.0	0.0	0.0	0.0	0.0	0.0	4.0	0.0	0.0	377.0	0.0	5.0	0.0	5.0	0.0	11.0	25.0	72.0	0.0	3.0	7.0	0.0	4.0	4.0	60.0	0.0	0.0	0.0	8.0	0.0	0.0	7.0	0.0	0.0	0.0	0.0	0.0	262.0	0.0	0.0	0.0	53.0	0.0	0.0	0.0	0.0	0.0	0.0	85.0	0.0	0.0	0.0	3.0	0.0	0.0	0.0	39.0	0.0	0.0	0.0	604.0	11.0	0.0	0.0	32.0	0.0	0.0	0.0	12.0	3.0	259.0	0.0	135.0	0.0	0.0	0.0	0.0	0.0	0.0	0.0	2.0	0.0	0.0	0.0	0.0	0.0	50.0	3.0	0.0	0.0	0.0	0.0	0.0	0.0	0.0	0.0	0.0	0.0	0.0	0.0	202.0	0.0	1.0	0.0	0.0	7.0	0.0	0.0	6.0	0.0	2.0	5.0	0.0	11.0	0.0	8.0	0.0	0.0	0.0	0.0	0.0	0.0	12.0	0.0	0.0	0.0	0.0	0.0
SRR23478211	0.0	2823.0	0.0	0.0	0.0	0.0	0.0	0.0	0.0	1.0	0.0	0.0	192.0	8.0	0.0	0.0	18.0	0.0	56.0	0.0	0.0	0.0	59.0	0.0	0.0	0.0	0.0	0.0	8.0	2.0	8.0	0.0	0.0	11.0	0.0	17.0	0.0	1.0	0.0	0.0	3.0	0.0	2.0	0.0	0.0	0.0	0.0	0.0	2477.0	0.0	0.0	0.0	11.0	0.0	0.0	0.0	0.0	0.0	0.0	195.0	0.0	0.0	0.0	0.0	4.0	0.0	0.0	0.0	0.0	0.0	0.0	0.0	0.0	0.0	50.0	0.0	0.0	0.0	0.0	0.0	0.0	0.0	0.0	0.0	6.0	9.0	0.0	4.0	0.0	0.0	0.0	13.0	0.0	5.0	0.0	0.0	0.0	0.0	0.0	0.0	0.0	0.0	46.0	0.0	4.0	0.0	10.0	0.0	0.0	0.0	2.0	0.0	0.0	32.0	0.0	0.0	0.0	0.0	0.0	0.0	0.0	8.0	0.0	0.0	0.0	8.0	8.0	0.0	0.0	0.0	7.0	0.0	0.0	80.0	0.0	0.0	0.0	0.0	0.0	1.0	0.0	8.0	5.0	5.0	0.0	0.0	0.0	0.0	0.0	0.0	0.0	0.0	9.0	0.0	0.0	0.0	3.0	0.0	0.0	0.0	0.0	0.0	0.0	0.0	0.0	0.0	0.0	0.0	0.0	0.0	0.0	0.0	0.0	21.0	0.0	0.0	0.0	0.0	0.0	0.0	0.0	0.0	0.0	0.0	0.0	0.0	0.0	0.0	0.0	0.0	0.0	8.0	0.0
SRR23478212	9.0	1115.0	67.0	0.0	0.0	34.0	0.0	0.0	0.0	152.0	0.0	0.0	807.0	2.0	36.0	0.0	21.0	0.0	183.0	0.0	0.0	0.0	338.0	0.0	0.0	0.0	0.0	36.0	3.0	29.0	9.0	0.0	0.0	189.0	11.0	47.0	0.0	4.0	0.0	454.0	140.0	0.0	0.0	0.0	25.0	0.0	0.0	0.0	0.0	2.0	12.0	0.0	598.0	2.0	0.0	0.0	2.0	1.0	1.0	81.0	0.0	5.0	0.0	0.0	14.0	0.0	0.0	0.0	0.0	0.0	0.0	0.0	0.0	0.0	172.0	0.0	0.0	0.0	7.0	0.0	29.0	0.0	15.0	0.0	6.0	0.0	3.0	5.0	0.0	0.0	0.0	1.0	0.0	0.0	0.0	0.0	2.0	0.0	0.0	0.0	0.0	0.0	237.0	0.0	107.0	0.0	4.0	0.0	0.0	0.0	0.0	0.0	0.0	141.0	0.0	0.0	0.0	0.0	0.0	0.0	31.0	394.0	0.0	0.0	0.0	38.0	0.0	0.0	2.0	0.0	8.0	0.0	1.0	3.0	0.0	0.0	1.0	0.0	1.0	0.0	0.0	16.0	0.0	0.0	0.0	1.0	0.0	50.0	0.0	0.0	0.0	111.0	12.0	0.0	0.0	0.0	0.0	0.0	0.0	0.0	0.0	0.0	0.0	0.0	0.0	0.0	0.0	0.0	0.0	0.0	0.0	0.0	0.0	0.0	0.0	0.0	4.0	0.0	0.0	0.0	0.0	0.0	0.0	0.0	0.0	0.0	0.0	0.0	0.0	0.0	0.0	3.0	424.0
SRR23478213	3.0	32.0	0.0	0.0	2.0	0.0	0.0	868.0	0.0	126.0	0.0	0.0	155.0	158.0	0.0	0.0	0.0	15.0	10.0	2.0	5.0	23.0	6.0	0.0	5.0	0.0	0.0	2.0	0.0	0.0	0.0	0.0	0.0	5.0	0.0	1.0	13.0	2.0	1.0	15.0	233.0	5.0	0.0	27.0	3.0	0.0	1.0	74.0	3556.0	0.0	0.0	0.0	0.0	0.0	25.0	0.0	0.0	2.0	0.0	0.0	0.0	0.0	11.0	0.0	70.0	0.0	2.0	2.0	33.0	0.0	0.0	0.0	132.0	0.0	63.0	0.0	0.0	0.0	6.0	3.0	44.0	4.0	25.0	1.0	4.0	3.0	0.0	11.0	0.0	0.0	0.0	2.0	0.0	0.0	0.0	8.0	1.0	0.0	15.0	0.0	0.0	0.0	144.0	0.0	20.0	0.0	0.0	3.0	19.0	0.0	0.0	0.0	0.0	11.0	0.0	1.0	13.0	1.0	0.0	2.0	0.0	0.0	0.0	0.0	0.0	15.0	0.0	0.0	0.0	0.0	0.0	2.0	0.0	0.0	0.0	3.0	0.0	0.0	0.0	3.0	1.0	1.0	0.0	0.0	0.0	0.0	2.0	4.0	0.0	1.0	0.0	0.0	68.0	4.0	8.0	0.0	0.0	0.0	0.0	0.0	0.0	3.0	6.0	3.0	4.0	0.0	5.0	10.0	0.0	0.0	19.0	0.0	1.0	0.0	1.0	0.0	0.0	0.0	0.0	9.0	0.0	30.0	0.0	1.0	0.0	14.0	0.0	4.0	0.0	1.0	0.0	4.0	0.0
SRR23478214	32.0	31.0	0.0	0.0	8.0	37.0	0.0	459.0	0.0	109.0	0.0	0.0	2620.0	64.0	0.0	0.0	0.0	0.0	0.0	1.0	0.0	0.0	58.0	0.0	8.0	0.0	0.0	0.0	2.0	6.0	10.0	0.0	0.0	287.0	0.0	20.0	66.0	8.0	0.0	1.0	547.0	0.0	0.0	6.0	1.0	0.0	0.0	21.0	18.0	0.0	0.0	0.0	0.0	0.0	83.0	0.0	8.0	0.0	0.0	42.0	0.0	0.0	85.0	0.0	0.0	0.0	0.0	0.0	0.0	0.0	0.0	30.0	55.0	1.0	90.0	0.0	0.0	31.0	0.0	6.0	49.0	0.0	204.0	0.0	8.0	1.0	0.0	5.0	3.0	2.0	4.0	0.0	0.0	4.0	0.0	1.0	11.0	0.0	42.0	0.0	0.0	0.0	197.0	0.0	82.0	0.0	16.0	0.0	45.0	0.0	0.0	4.0	0.0	137.0	0.0	1.0	26.0	18.0	0.0	11.0	0.0	42.0	0.0	0.0	11.0	27.0	2.0	0.0	0.0	0.0	0.0	0.0	0.0	0.0	0.0	11.0	0.0	7.0	0.0	0.0	2.0	0.0	0.0	0.0	0.0	1.0	0.0	5.0	0.0	0.0	0.0	39.0	57.0	9.0	22.0	0.0	0.0	9.0	0.0	0.0	0.0	0.0	0.0	2.0	3.0	69.0	0.0	15.0	0.0	0.0	0.0	0.0	88.0	0.0	0.0	0.0	4.0	0.0	1.0	3.0	0.0	0.0	0.0	0.0	4.0	0.0	0.0	33.0	0.0	0.0	4.0	0.0	0.0
SRR23478215	75.0	80.0	0.0	0.0	0.0	0.0	0.0	29.0	0.0	296.0	0.0	0.0	1928.0	509.0	0.0	445.0	0.0	0.0	18.0	0.0	0.0	0.0	205.0	0.0	0.0	0.0	0.0	0.0	274.0	3.0	9.0	0.0	58.0	13.0	0.0	19.0	236.0	35.0	0.0	412.0	17.0	0.0	0.0	0.0	0.0	1.0	0.0	113.0	246.0	0.0	0.0	0.0	17.0	0.0	3.0	0.0	0.0	0.0	0.0	1.0	11.0	0.0	16.0	0.0	4.0	0.0	0.0	0.0	0.0	0.0	0.0	0.0	6.0	15.0	268.0	0.0	0.0	0.0	5.0	0.0	41.0	17.0	37.0	7.0	0.0	0.0	0.0	1.0	1.0	0.0	0.0	3.0	0.0	24.0	0.0	0.0	0.0	0.0	0.0	0.0	0.0	0.0	168.0	0.0	7.0	0.0	0.0	6.0	0.0	0.0	0.0	2.0	0.0	6.0	0.0	0.0	0.0	0.0	0.0	0.0	0.0	11.0	0.0	0.0	0.0	126.0	0.0	5.0	0.0	0.0	0.0	0.0	0.0	2.0	0.0	0.0	2.0	0.0	0.0	0.0	0.0	3.0	0.0	0.0	0.0	16.0	0.0	0.0	0.0	0.0	0.0	83.0	0.0	0.0	0.0	0.0	0.0	0.0	0.0	1.0	0.0	0.0	0.0	0.0	0.0	1.0	0.0	0.0	0.0	47.0	0.0	0.0	3.0	160.0	0.0	0.0	0.0	0.0	1.0	0.0	5.0	0.0	0.0	0.0	0.0	13.0	0.0	0.0	0.0	0.0	0.0	68.0	0.0
SRR23478216	0.0	9.0	0.0	0.0	4.0	0.0	0.0	216.0	0.0	8.0	0.0	0.0	3265.0	6.0	0.0	0.0	0.0	2.0	1.0	2.0	0.0	0.0	67.0	0.0	0.0	0.0	0.0	1.0	5.0	3.0	2.0	0.0	0.0	2.0	0.0	19.0	6.0	0.0	7.0	0.0	261.0	526.0	0.0	0.0	0.0	0.0	0.0	0.0	31.0	0.0	2.0	0.0	8.0	0.0	35.0	0.0	0.0	0.0	0.0	44.0	0.0	0.0	0.0	0.0	22.0	0.0	0.0	0.0	0.0	0.0	1.0	0.0	0.0	23.0	83.0	0.0	0.0	0.0	13.0	0.0	0.0	0.0	342.0	0.0	3.0	0.0	0.0	0.0	0.0	0.0	0.0	4.0	0.0	0.0	0.0	0.0	0.0	0.0	0.0	0.0	0.0	0.0	157.0	0.0	141.0	0.0	6.0	0.0	0.0	55.0	0.0	0.0	0.0	54.0	0.0	0.0	12.0	0.0	0.0	5.0	0.0	22.0	0.0	0.0	0.0	101.0	0.0	0.0	5.0	252.0	11.0	0.0	0.0	0.0	0.0	0.0	0.0	0.0	0.0	8.0	3.0	0.0	2.0	0.0	2.0	4.0	10.0	0.0	0.0	0.0	0.0	13.0	281.0	0.0	20.0	0.0	0.0	0.0	0.0	0.0	0.0	0.0	0.0	0.0	11.0	29.0	0.0	2.0	3.0	0.0	0.0	0.0	0.0	3.0	0.0	0.0	0.0	0.0	0.0	0.0	0.0	0.0	0.0	0.0	8.0	0.0	0.0	11.0	0.0	0.0	0.0	2.0	9.0
SRR23478217	4.0	4.0	0.0	0.0	0.0	0.0	0.0	4.0	0.0	32.0	0.0	0.0	2035.0	143.0	3.0	417.0	0.0	0.0	26.0	0.0	0.0	0.0	273.0	0.0	0.0	0.0	0.0	4.0	2.0	5.0	11.0	3.0	0.0	35.0	4.0	86.0	24.0	19.0	0.0	912.0	1.0	0.0	0.0	0.0	0.0	0.0	0.0	0.0	9.0	0.0	5.0	0.0	349.0	0.0	0.0	0.0	0.0	0.0	0.0	186.0	0.0	0.0	0.0	0.0	0.0	0.0	0.0	0.0	0.0	0.0	0.0	0.0	0.0	0.0	8.0	0.0	0.0	0.0	0.0	0.0	1.0	1.0	158.0	0.0	7.0	0.0	0.0	0.0	0.0	0.0	0.0	6.0	0.0	1.0	0.0	0.0	0.0	0.0	0.0	0.0	0.0	0.0	1073.0	0.0	95.0	0.0	0.0	0.0	0.0	0.0	0.0	2.0	0.0	19.0	0.0	0.0	0.0	0.0	0.0	0.0	25.0	35.0	0.0	0.0	0.0	1.0	0.0	0.0	0.0	0.0	0.0	0.0	0.0	37.0	0.0	0.0	0.0	0.0	0.0	0.0	0.0	0.0	0.0	0.0	0.0	5.0	0.0	0.0	4.0	0.0	0.0	106.0	3.0	0.0	0.0	0.0	0.0	0.0	0.0	0.0	0.0	0.0	0.0	0.0	0.0	0.0	0.0	0.0	0.0	0.0	0.0	0.0	0.0	0.0	0.0	0.0	0.0	0.0	0.0	0.0	0.0	0.0	0.0	0.0	1.0	0.0	0.0	9.0	0.0	0.0	0.0	14.0	0.0
SRR23478218	8.0	0.0	0.0	0.0	0.0	0.0	0.0	374.0	0.0	7.0	0.0	0.0	1267.0	1.0	0.0	10.0	1.0	0.0	6.0	0.0	0.0	0.0	52.0	0.0	0.0	0.0	8.0	3.0	3.0	1.0	2.0	0.0	40.0	20.0	0.0	78.0	15.0	0.0	0.0	195.0	859.0	475.0	2.0	1.0	1.0	0.0	0.0	0.0	738.0	0.0	2.0	0.0	9.0	0.0	111.0	0.0	1.0	0.0	0.0	121.0	0.0	0.0	8.0	0.0	11.0	0.0	0.0	0.0	0.0	15.0	0.0	0.0	0.0	0.0	27.0	0.0	0.0	0.0	0.0	0.0	0.0	0.0	112.0	0.0	4.0	0.0	0.0	4.0	0.0	0.0	0.0	3.0	0.0	1.0	0.0	0.0	0.0	7.0	22.0	0.0	0.0	0.0	522.0	0.0	254.0	0.0	1.0	0.0	0.0	2.0	0.0	0.0	0.0	25.0	0.0	9.0	31.0	0.0	0.0	0.0	9.0	30.0	0.0	0.0	12.0	0.0	0.0	0.0	0.0	0.0	0.0	0.0	0.0	7.0	0.0	0.0	0.0	0.0	0.0	6.0	0.0	1.0	1.0	0.0	0.0	4.0	0.0	0.0	2.0	0.0	0.0	88.0	563.0	0.0	0.0	0.0	0.0	10.0	0.0	0.0	0.0	0.0	0.0	0.0	0.0	25.0	1.0	0.0	3.0	0.0	0.0	1.0	0.0	0.0	0.0	0.0	0.0	0.0	2.0	0.0	0.0	0.0	0.0	0.0	0.0	0.0	0.0	8.0	0.0	0.0	0.0	0.0	0.0
SRR23478220	22.0	0.0	0.0	0.0	3.0	45.0	0.0	66.0	242.0	32.0	0.0	0.0	93.0	19.0	0.0	119.0	0.0	4.0	5.0	0.0	1.0	11.0	21.0	0.0	0.0	0.0	0.0	0.0	6.0	0.0	1.0	0.0	0.0	15.0	0.0	0.0	20.0	0.0	0.0	54.0	1073.0	39.0	0.0	0.0	0.0	0.0	0.0	264.0	12.0	0.0	0.0	0.0	0.0	0.0	8.0	883.0	0.0	0.0	0.0	0.0	0.0	0.0	38.0	0.0	7.0	70.0	1.0	0.0	391.0	0.0	79.0	29.0	386.0	5.0	99.0	8.0	0.0	0.0	66.0	2.0	52.0	0.0	4.0	0.0	0.0	4.0	0.0	12.0	2.0	43.0	0.0	0.0	0.0	0.0	0.0	0.0	4.0	0.0	42.0	22.0	2.0	4.0	40.0	1.0	39.0	0.0	26.0	0.0	1.0	10.0	0.0	0.0	0.0	35.0	0.0	4.0	14.0	0.0	0.0	0.0	1.0	5.0	0.0	15.0	2.0	926.0	0.0	0.0	0.0	210.0	0.0	14.0	0.0	0.0	1.0	15.0	0.0	1.0	9.0	0.0	1.0	0.0	0.0	0.0	0.0	0.0	0.0	2.0	0.0	0.0	0.0	2.0	13.0	0.0	2.0	0.0	0.0	2.0	10.0	0.0	0.0	3.0	3.0	0.0	0.0	2.0	1.0	4.0	1.0	5.0	13.0	0.0	10.0	1.0	0.0	0.0	0.0	9.0	0.0	40.0	0.0	0.0	7.0	0.0	9.0	0.0	15.0	0.0	0.0	0.0	0.0	5.0	0.0
SRR23478227	0.0	3242.0	0.0	0.0	0.0	0.0	0.0	0.0	0.0	14.0	0.0	0.0	10.0	22.0	0.0	0.0	0.0	0.0	0.0	0.0	0.0	0.0	1.0	0.0	0.0	0.0	0.0	0.0	21.0	0.0	0.0	0.0	0.0	0.0	0.0	0.0	0.0	0.0	0.0	0.0	13.0	0.0	0.0	0.0	2.0	0.0	0.0	0.0	2844.0	0.0	0.0	0.0	0.0	0.0	0.0	0.0	0.0	0.0	0.0	2.0	0.0	0.0	1.0	0.0	1.0	0.0	0.0	0.0	0.0	0.0	0.0	0.0	0.0	0.0	0.0	0.0	0.0	0.0	0.0	0.0	0.0	0.0	9.0	0.0	0.0	0.0	0.0	3.0	0.0	0.0	0.0	0.0	0.0	73.0	0.0	0.0	0.0	0.0	1.0	0.0	0.0	0.0	16.0	0.0	0.0	0.0	1.0	0.0	0.0	0.0	0.0	3.0	0.0	1.0	0.0	0.0	0.0	0.0	0.0	0.0	0.0	2.0	0.0	0.0	0.0	0.0	0.0	0.0	0.0	0.0	0.0	0.0	0.0	0.0	0.0	0.0	0.0	0.0	0.0	0.0	0.0	0.0	1.0	0.0	0.0	0.0	0.0	0.0	0.0	0.0	0.0	0.0	0.0	0.0	0.0	0.0	0.0	0.0	0.0	0.0	0.0	0.0	0.0	0.0	0.0	0.0	0.0	0.0	0.0	0.0	0.0	0.0	0.0	0.0	0.0	0.0	0.0	0.0	0.0	0.0	0.0	0.0	0.0	0.0	0.0	0.0	0.0	0.0	0.0	0.0	0.0	0.0	0.0
SRR23478228	118.0	6.0	0.0	0.0	1.0	17.0	0.0	0.0	0.0	56.0	0.0	0.0	1842.0	125.0	4.0	0.0	0.0	2.0	0.0	0.0	0.0	0.0	46.0	0.0	0.0	0.0	0.0	4.0	30.0	10.0	61.0	14.0	0.0	58.0	0.0	68.0	0.0	5.0	0.0	3.0	2.0	0.0	25.0	0.0	10.0	0.0	0.0	0.0	0.0	0.0	1.0	0.0	54.0	0.0	1.0	0.0	0.0	0.0	0.0	400.0	0.0	0.0	0.0	0.0	1.0	0.0	0.0	0.0	1.0	0.0	0.0	0.0	201.0	0.0	705.0	0.0	0.0	0.0	0.0	0.0	0.0	17.0	87.0	0.0	1.0	6.0	1.0	30.0	0.0	0.0	0.0	18.0	14.0	609.0	0.0	0.0	2.0	0.0	0.0	0.0	0.0	0.0	1081.0	0.0	0.0	0.0	0.0	0.0	40.0	0.0	0.0	11.0	0.0	45.0	0.0	0.0	1.0	0.0	0.0	8.0	0.0	0.0	0.0	0.0	0.0	0.0	0.0	2.0	1.0	0.0	3.0	0.0	0.0	3.0	0.0	0.0	0.0	0.0	0.0	0.0	0.0	52.0	0.0	0.0	4.0	55.0	0.0	0.0	0.0	0.0	0.0	31.0	24.0	7.0	0.0	0.0	0.0	0.0	0.0	0.0	0.0	0.0	0.0	0.0	0.0	4.0	5.0	0.0	0.0	0.0	0.0	0.0	21.0	14.0	0.0	0.0	0.0	0.0	15.0	0.0	0.0	0.0	0.0	0.0	0.0	0.0	0.0	37.0	0.0	0.0	0.0	144.0	0.0
SRR23478229	0.0	31.0	78.0	0.0	73.0	0.0	0.0	607.0	0.0	21.0	0.0	0.0	670.0	22.0	0.0	0.0	0.0	0.0	11.0	0.0	0.0	0.0	883.0	0.0	0.0	0.0	0.0	2.0	1.0	33.0	22.0	0.0	0.0	149.0	0.0	0.0	0.0	5.0	0.0	438.0	0.0	357.0	0.0	0.0	0.0	0.0	0.0	0.0	6.0	0.0	19.0	0.0	50.0	0.0	22.0	0.0	0.0	0.0	0.0	44.0	0.0	0.0	18.0	0.0	0.0	0.0	12.0	0.0	0.0	0.0	0.0	0.0	0.0	0.0	276.0	0.0	0.0	0.0	0.0	0.0	0.0	0.0	138.0	0.0	98.0	0.0	0.0	0.0	0.0	0.0	0.0	23.0	0.0	0.0	16.0	0.0	0.0	0.0	0.0	0.0	0.0	0.0	275.0	0.0	410.0	0.0	0.0	0.0	2.0	0.0	0.0	0.0	0.0	346.0	0.0	0.0	125.0	0.0	0.0	68.0	13.0	165.0	0.0	0.0	0.0	86.0	0.0	0.0	23.0	0.0	0.0	0.0	0.0	0.0	0.0	0.0	0.0	0.0	0.0	0.0	0.0	0.0	0.0	2.0	0.0	0.0	8.0	0.0	0.0	0.0	0.0	17.0	382.0	0.0	0.0	0.0	0.0	5.0	0.0	0.0	0.0	0.0	0.0	0.0	0.0	0.0	0.0	0.0	0.0	0.0	0.0	0.0	115.0	0.0	0.0	0.0	0.0	0.0	0.0	0.0	0.0	0.0	0.0	0.0	0.0	0.0	0.0	0.0	0.0	0.0	0.0	9.0	0.0
SRR23478230	0.0	6.0	8.0	6.0	1.0	0.0	0.0	1170.0	0.0	12.0	0.0	0.0	1216.0	0.0	0.0	1846.0	0.0	0.0	0.0	0.0	0.0	0.0	100.0	0.0	0.0	0.0	0.0	5.0	11.0	7.0	4.0	10.0	0.0	0.0	0.0	53.0	4.0	0.0	0.0	26.0	17.0	0.0	12.0	10.0	0.0	0.0	2.0	0.0	553.0	0.0	6.0	0.0	5.0	0.0	0.0	0.0	7.0	0.0	0.0	255.0	0.0	0.0	0.0	0.0	24.0	0.0	0.0	0.0	0.0	0.0	0.0	0.0	0.0	0.0	17.0	0.0	0.0	0.0	0.0	0.0	0.0	0.0	1.0	0.0	25.0	0.0	0.0	0.0	0.0	4.0	0.0	0.0	3.0	8.0	0.0	0.0	0.0	0.0	0.0	0.0	0.0	0.0	572.0	0.0	0.0	0.0	0.0	13.0	0.0	0.0	0.0	0.0	0.0	3.0	0.0	0.0	8.0	0.0	0.0	0.0	0.0	0.0	0.0	0.0	0.0	0.0	0.0	0.0	13.0	0.0	0.0	11.0	3.0	0.0	0.0	0.0	0.0	0.0	0.0	2.0	0.0	0.0	14.0	1.0	0.0	17.0	0.0	8.0	0.0	0.0	0.0	0.0	2.0	0.0	18.0	38.0	0.0	0.0	0.0	0.0	0.0	0.0	0.0	0.0	0.0	4.0	0.0	1.0	3.0	0.0	15.0	0.0	5.0	0.0	0.0	0.0	0.0	0.0	0.0	0.0	0.0	0.0	0.0	0.0	0.0	34.0	0.0	16.0	0.0	0.0	0.0	0.0	38.0
SRR23478231	7.0	2.0	8.0	0.0	0.0	4.0	0.0	69.0	0.0	30.0	0.0	0.0	1238.0	10.0	0.0	0.0	0.0	0.0	0.0	0.0	0.0	2.0	29.0	0.0	0.0	0.0	0.0	0.0	10.0	0.0	0.0	0.0	0.0	4.0	0.0	13.0	9.0	10.0	0.0	53.0	10.0	74.0	0.0	14.0	0.0	0.0	1.0	0.0	1837.0	0.0	0.0	0.0	6.0	0.0	19.0	0.0	0.0	2.0	0.0	6.0	0.0	0.0	4.0	0.0	19.0	0.0	0.0	0.0	0.0	0.0	0.0	0.0	68.0	3.0	67.0	0.0	0.0	0.0	0.0	11.0	0.0	0.0	134.0	0.0	6.0	0.0	0.0	0.0	1.0	0.0	0.0	0.0	3.0	287.0	0.0	1.0	0.0	0.0	0.0	0.0	0.0	0.0	215.0	0.0	817.0	0.0	0.0	0.0	0.0	0.0	0.0	26.0	0.0	29.0	0.0	0.0	84.0	0.0	0.0	3.0	8.0	20.0	0.0	0.0	0.0	114.0	0.0	0.0	4.0	0.0	0.0	0.0	0.0	4.0	0.0	0.0	0.0	0.0	0.0	0.0	0.0	0.0	0.0	0.0	0.0	0.0	0.0	2.0	2.0	1.0	7.0	721.0	33.0	0.0	0.0	0.0	0.0	15.0	0.0	0.0	0.0	0.0	1.0	0.0	0.0	0.0	5.0	0.0	2.0	0.0	0.0	0.0	7.0	0.0	5.0	0.0	0.0	0.0	0.0	0.0	0.0	0.0	0.0	0.0	30.0	0.0	0.0	14.0	0.0	5.0	0.0	0.0	0.0
SRR23478232	0.0	1.0	0.0	1.0	4.0	2.0	0.0	168.0	0.0	5.0	0.0	0.0	1277.0	10.0	0.0	0.0	0.0	0.0	5.0	1.0	0.0	0.0	72.0	0.0	0.0	0.0	0.0	2.0	1.0	3.0	0.0	0.0	0.0	2.0	0.0	47.0	1.0	1.0	0.0	0.0	52.0	817.0	12.0	0.0	0.0	0.0	0.0	0.0	2641.0	0.0	1.0	0.0	33.0	0.0	122.0	0.0	0.0	0.0	0.0	99.0	0.0	0.0	32.0	0.0	7.0	0.0	0.0	0.0	0.0	0.0	0.0	0.0	0.0	0.0	66.0	0.0	0.0	0.0	0.0	0.0	0.0	0.0	249.0	0.0	1.0	0.0	26.0	0.0	0.0	0.0	0.0	1.0	0.0	0.0	0.0	2.0	0.0	1.0	35.0	0.0	0.0	0.0	174.0	1.0	162.0	0.0	0.0	0.0	0.0	0.0	0.0	0.0	0.0	1.0	0.0	0.0	9.0	0.0	0.0	0.0	0.0	2.0	0.0	0.0	15.0	0.0	0.0	0.0	0.0	0.0	1.0	0.0	1.0	0.0	0.0	1.0	0.0	0.0	0.0	1.0	0.0	0.0	0.0	0.0	0.0	2.0	7.0	0.0	2.0	0.0	0.0	27.0	22.0	0.0	0.0	2.0	0.0	0.0	0.0	0.0	0.0	0.0	0.0	0.0	1.0	0.0	0.0	0.0	0.0	0.0	0.0	0.0	20.0	1.0	0.0	0.0	0.0	0.0	0.0	0.0	5.0	0.0	0.0	0.0	13.0	0.0	0.0	5.0	0.0	0.0	0.0	4.0	0.0
SRR23478233	0.0	9.0	1.0	0.0	0.0	128.0	0.0	4.0	0.0	3.0	0.0	0.0	569.0	0.0	0.0	0.0	317.0	0.0	0.0	0.0	0.0	0.0	211.0	0.0	0.0	0.0	0.0	263.0	3.0	8.0	19.0	0.0	0.0	5.0	479.0	496.0	0.0	0.0	0.0	0.0	0.0	726.0	1.0	0.0	0.0	0.0	0.0	0.0	0.0	0.0	6.0	0.0	62.0	3.0	216.0	0.0	0.0	0.0	0.0	52.0	0.0	0.0	0.0	0.0	1.0	0.0	0.0	0.0	0.0	0.0	0.0	0.0	0.0	0.0	52.0	0.0	0.0	0.0	0.0	0.0	0.0	0.0	778.0	0.0	4.0	0.0	0.0	0.0	0.0	0.0	0.0	4.0	6.0	0.0	0.0	0.0	0.0	0.0	0.0	0.0	0.0	0.0	1569.0	0.0	0.0	0.0	0.0	0.0	0.0	0.0	0.0	0.0	0.0	11.0	0.0	0.0	0.0	0.0	0.0	0.0	0.0	50.0	0.0	0.0	0.0	0.0	0.0	0.0	6.0	0.0	0.0	0.0	0.0	6.0	0.0	0.0	0.0	1.0	0.0	0.0	0.0	0.0	0.0	0.0	0.0	106.0	0.0	1.0	0.0	0.0	6.0	0.0	3.0	25.0	0.0	0.0	4.0	0.0	0.0	0.0	0.0	0.0	0.0	0.0	1.0	0.0	0.0	0.0	0.0	0.0	0.0	5.0	0.0	0.0	0.0	0.0	0.0	0.0	0.0	0.0	0.0	0.0	0.0	0.0	0.0	0.0	0.0	0.0	0.0	0.0	0.0	0.0	0.0
SRR23478234	436.0	0.0	0.0	0.0	2.0	6.0	0.0	189.0	0.0	2157.0	3.0	0.0	43.0	465.0	3.0	0.0	0.0	3.0	24.0	5.0	2.0	0.0	0.0	0.0	0.0	0.0	0.0	0.0	0.0	0.0	0.0	0.0	4.0	83.0	4.0	2.0	18.0	20.0	4.0	17.0	0.0	0.0	0.0	26.0	0.0	0.0	3.0	0.0	0.0	2.0	0.0	0.0	4.0	0.0	5.0	0.0	0.0	0.0	0.0	6.0	2.0	2.0	34.0	2.0	19.0	0.0	0.0	12.0	0.0	0.0	0.0	0.0	9.0	0.0	77.0	0.0	0.0	0.0	15.0	1.0	526.0	152.0	15.0	0.0	0.0	40.0	0.0	93.0	233.0	0.0	14.0	0.0	0.0	2.0	0.0	24.0	12.0	0.0	0.0	3.0	0.0	0.0	36.0	0.0	1.0	0.0	13.0	0.0	0.0	0.0	0.0	0.0	0.0	78.0	0.0	139.0	4.0	7.0	0.0	0.0	116.0	281.0	0.0	0.0	0.0	0.0	0.0	8.0	1.0	2.0	0.0	0.0	0.0	22.0	92.0	24.0	2.0	53.0	0.0	1.0	0.0	7.0	4.0	0.0	0.0	1.0	0.0	4.0	0.0	3.0	0.0	0.0	96.0	0.0	0.0	0.0	0.0	0.0	0.0	0.0	0.0	0.0	0.0	0.0	0.0	2.0	0.0	0.0	0.0	0.0	0.0	0.0	2.0	0.0	30.0	0.0	3.0	0.0	0.0	60.0	18.0	0.0	0.0	0.0	33.0	0.0	1.0	0.0	0.0	0.0	0.0	14.0	0.0
SRR23478235	123.0	21.0	0.0	0.0	5.0	2.0	0.0	334.0	0.0	463.0	16.0	0.0	211.0	508.0	0.0	0.0	0.0	27.0	5.0	0.0	0.0	0.0	38.0	0.0	2.0	0.0	0.0	0.0	48.0	0.0	2.0	0.0	0.0	16.0	24.0	0.0	14.0	0.0	3.0	61.0	93.0	24.0	0.0	9.0	0.0	0.0	0.0	2.0	545.0	0.0	0.0	0.0	0.0	0.0	8.0	243.0	0.0	0.0	0.0	0.0	3.0	3.0	67.0	1.0	27.0	0.0	2.0	1.0	0.0	0.0	0.0	70.0	319.0	28.0	551.0	0.0	2.0	0.0	7.0	0.0	45.0	0.0	4.0	0.0	4.0	13.0	0.0	115.0	132.0	0.0	24.0	3.0	1.0	0.0	0.0	5.0	1.0	0.0	10.0	0.0	0.0	0.0	82.0	0.0	61.0	0.0	37.0	1.0	29.0	1.0	0.0	0.0	0.0	149.0	0.0	4.0	50.0	0.0	0.0	1.0	1.0	9.0	0.0	0.0	0.0	900.0	0.0	0.0	0.0	0.0	0.0	4.0	0.0	0.0	17.0	24.0	0.0	14.0	0.0	8.0	0.0	0.0	3.0	0.0	0.0	0.0	0.0	1.0	0.0	0.0	0.0	19.0	74.0	0.0	0.0	0.0	0.0	7.0	0.0	9.0	0.0	5.0	105.0	20.0	4.0	15.0	1.0	39.0	0.0	0.0	5.0	0.0	16.0	0.0	0.0	0.0	5.0	0.0	35.0	2.0	1.0	0.0	0.0	3.0	17.0	0.0	0.0	7.0	0.0	0.0	1.0	19.0	4.0
SRR23478236	0.0	1.0	5.0	0.0	15.0	17.0	0.0	0.0	0.0	15.0	0.0	0.0	254.0	70.0	0.0	0.0	8.0	0.0	0.0	0.0	0.0	0.0	9.0	0.0	0.0	0.0	0.0	0.0	5.0	0.0	2.0	0.0	0.0	1.0	14.0	6.0	7.0	2.0	18.0	129.0	42.0	122.0	0.0	2.0	0.0	0.0	0.0	0.0	4009.0	0.0	2.0	0.0	132.0	0.0	56.0	0.0	0.0	0.0	0.0	137.0	0.0	0.0	0.0	0.0	0.0	1.0	0.0	0.0	0.0	0.0	0.0	0.0	0.0	0.0	336.0	0.0	0.0	1.0	0.0	0.0	8.0	5.0	253.0	0.0	12.0	0.0	0.0	0.0	0.0	0.0	0.0	2.0	2.0	35.0	0.0	0.0	0.0	0.0	70.0	0.0	0.0	0.0	141.0	0.0	0.0	0.0	19.0	3.0	0.0	0.0	0.0	2.0	0.0	2.0	0.0	0.0	0.0	0.0	0.0	0.0	0.0	1.0	0.0	0.0	0.0	4.0	0.0	0.0	0.0	0.0	6.0	0.0	0.0	2.0	0.0	0.0	0.0	0.0	0.0	1.0	0.0	0.0	0.0	0.0	0.0	1.0	0.0	11.0	0.0	0.0	4.0	14.0	1.0	0.0	0.0	23.0	2.0	0.0	0.0	0.0	0.0	1.0	0.0	0.0	0.0	0.0	1.0	0.0	0.0	0.0	0.0	0.0	180.0	0.0	0.0	0.0	0.0	0.0	0.0	0.0	1.0	0.0	0.0	0.0	0.0	16.0	0.0	8.0	0.0	0.0	0.0	4.0	0.0
SRR23478237	3.0	4.0	0.0	1.0	0.0	0.0	1.0	190.0	0.0	2.0	0.0	0.0	548.0	6.0	0.0	0.0	3.0	0.0	18.0	0.0	0.0	0.0	741.0	0.0	0.0	0.0	0.0	0.0	1.0	3.0	3.0	0.0	0.0	46.0	0.0	9.0	0.0	0.0	5.0	113.0	10.0	274.0	0.0	1.0	0.0	0.0	0.0	0.0	1508.0	0.0	0.0	0.0	4.0	0.0	41.0	0.0	0.0	0.0	0.0	1196.0	0.0	0.0	2.0	0.0	1.0	7.0	0.0	0.0	0.0	0.0	0.0	0.0	0.0	0.0	105.0	0.0	0.0	0.0	0.0	0.0	0.0	0.0	23.0	0.0	7.0	0.0	14.0	0.0	0.0	1.0	0.0	6.0	0.0	0.0	15.0	0.0	0.0	0.0	206.0	0.0	0.0	0.0	143.0	0.0	460.0	0.0	2.0	78.0	0.0	0.0	0.0	1.0	0.0	51.0	0.0	3.0	44.0	0.0	0.0	5.0	5.0	17.0	0.0	0.0	0.0	10.0	0.0	0.0	1.0	0.0	0.0	0.0	1.0	6.0	0.0	0.0	0.0	0.0	0.0	0.0	0.0	0.0	0.0	3.0	1.0	2.0	0.0	13.0	0.0	0.0	3.0	22.0	202.0	0.0	0.0	1.0	0.0	0.0	0.0	0.0	0.0	0.0	0.0	0.0	1.0	1.0	2.0	0.0	0.0	0.0	0.0	0.0	3.0	0.0	0.0	0.0	0.0	0.0	0.0	0.0	3.0	0.0	0.0	0.0	0.0	0.0	0.0	8.0	0.0	0.0	0.0	2.0	2.0
SRR23478238	1.0	199.0	2.0	1.0	1.0	0.0	0.0	1064.0	0.0	3.0	0.0	0.0	261.0	8.0	5.0	0.0	0.0	2.0	40.0	0.0	0.0	0.0	2643.0	0.0	0.0	0.0	1.0	0.0	6.0	59.0	47.0	9.0	0.0	29.0	0.0	26.0	0.0	0.0	8.0	406.0	51.0	0.0	0.0	51.0	0.0	0.0	0.0	0.0	6.0	0.0	5.0	0.0	1.0	0.0	4.0	0.0	0.0	0.0	4.0	15.0	0.0	0.0	3.0	0.0	0.0	15.0	1.0	0.0	0.0	0.0	0.0	0.0	0.0	0.0	78.0	0.0	0.0	6.0	0.0	0.0	0.0	0.0	18.0	0.0	21.0	1.0	0.0	0.0	0.0	0.0	0.0	107.0	19.0	55.0	1.0	0.0	0.0	0.0	0.0	0.0	0.0	0.0	170.0	0.0	27.0	0.0	0.0	34.0	5.0	2.0	0.0	1.0	0.0	166.0	0.0	0.0	6.0	0.0	0.0	2.0	21.0	59.0	0.0	0.0	0.0	0.0	1.0	0.0	2.0	0.0	0.0	1.0	0.0	1.0	0.0	0.0	0.0	0.0	0.0	2.0	0.0	0.0	0.0	0.0	12.0	0.0	0.0	0.0	0.0	0.0	0.0	5.0	29.0	0.0	7.0	0.0	0.0	0.0	0.0	0.0	0.0	0.0	0.0	0.0	0.0	0.0	32.0	0.0	0.0	131.0	0.0	4.0	123.0	1.0	0.0	0.0	0.0	0.0	0.0	0.0	0.0	0.0	0.0	0.0	0.0	88.0	0.0	2.0	0.0	0.0	0.0	3.0	0.0
SRR23478239	24.0	397.0	6.0	0.0	1.0	1.0	0.0	10.0	0.0	1375.0	0.0	0.0	428.0	1849.0	2.0	0.0	3.0	0.0	24.0	0.0	0.0	0.0	156.0	0.0	0.0	0.0	0.0	0.0	0.0	12.0	1.0	0.0	0.0	34.0	0.0	37.0	56.0	2.0	4.0	0.0	0.0	0.0	0.0	19.0	7.0	2.0	0.0	4.0	7.0	5.0	5.0	2.0	21.0	0.0	28.0	0.0	0.0	0.0	2.0	72.0	0.0	0.0	3.0	0.0	68.0	156.0	0.0	4.0	0.0	0.0	0.0	0.0	0.0	0.0	139.0	0.0	0.0	54.0	0.0	0.0	0.0	0.0	23.0	1.0	3.0	0.0	0.0	10.0	0.0	0.0	0.0	13.0	0.0	45.0	0.0	1.0	11.0	0.0	0.0	1.0	0.0	0.0	245.0	0.0	46.0	0.0	0.0	0.0	0.0	4.0	0.0	7.0	0.0	73.0	0.0	167.0	168.0	0.0	0.0	1.0	11.0	42.0	0.0	0.0	0.0	12.0	0.0	1.0	0.0	0.0	1.0	0.0	0.0	28.0	9.0	6.0	1.0	14.0	0.0	3.0	0.0	0.0	0.0	0.0	6.0	8.0	0.0	55.0	2.0	0.0	0.0	31.0	38.0	0.0	0.0	2.0	0.0	0.0	5.0	0.0	0.0	0.0	5.0	2.0	36.0	1.0	13.0	0.0	4.0	0.0	0.0	0.0	2.0	0.0	30.0	0.0	0.0	0.0	0.0	0.0	0.0	0.0	0.0	0.0	19.0	0.0	0.0	13.0	0.0	0.0	0.0	8.0	0.0
SRR23478240	5.0	0.0	0.0	0.0	3.0	0.0	0.0	2607.0	0.0	9.0	0.0	0.0	321.0	6.0	0.0	0.0	0.0	9.0	13.0	0.0	4.0	19.0	14.0	0.0	0.0	0.0	0.0	2.0	0.0	0.0	1.0	0.0	1.0	11.0	2.0	11.0	3.0	0.0	2.0	158.0	247.0	67.0	2.0	0.0	3.0	0.0	0.0	0.0	896.0	0.0	1.0	0.0	52.0	0.0	101.0	0.0	0.0	0.0	0.0	2.0	0.0	0.0	0.0	0.0	46.0	0.0	0.0	0.0	0.0	0.0	0.0	11.0	320.0	1.0	145.0	5.0	0.0	0.0	8.0	4.0	0.0	0.0	46.0	0.0	2.0	4.0	0.0	0.0	0.0	83.0	0.0	2.0	0.0	0.0	0.0	2.0	0.0	1.0	31.0	0.0	0.0	0.0	195.0	0.0	66.0	0.0	1.0	3.0	11.0	0.0	0.0	0.0	0.0	14.0	0.0	7.0	11.0	0.0	0.0	24.0	4.0	62.0	0.0	0.0	22.0	18.0	0.0	0.0	0.0	0.0	0.0	107.0	0.0	0.0	0.0	0.0	0.0	0.0	0.0	0.0	0.0	0.0	13.0	0.0	0.0	13.0	0.0	19.0	0.0	50.0	0.0	191.0	12.0	0.0	0.0	0.0	0.0	0.0	2.0	0.0	0.0	13.0	36.0	6.0	0.0	4.0	1.0	26.0	0.0	0.0	0.0	0.0	0.0	0.0	0.0	0.0	0.0	0.0	0.0	4.0	12.0	0.0	8.0	1.0	5.0	1.0	0.0	7.0	0.0	1.0	0.0	2.0	0.0
SRR23478241	0.0	46.0	28.0	2.0	0.0	0.0	0.0	1010.0	0.0	14.0	0.0	0.0	648.0	1.0	0.0	0.0	0.0	0.0	71.0	0.0	0.0	0.0	264.0	0.0	8.0	0.0	0.0	0.0	27.0	10.0	0.0	0.0	0.0	75.0	0.0	0.0	0.0	0.0	7.0	131.0	1.0	235.0	9.0	0.0	0.0	0.0	0.0	0.0	48.0	0.0	28.0	0.0	0.0	15.0	111.0	0.0	15.0	3.0	0.0	23.0	2.0	0.0	0.0	0.0	0.0	0.0	1.0	0.0	4.0	0.0	3.0	0.0	0.0	28.0	88.0	0.0	0.0	0.0	0.0	0.0	0.0	0.0	295.0	0.0	18.0	0.0	0.0	0.0	0.0	0.0	0.0	11.0	0.0	5.0	0.0	0.0	0.0	0.0	74.0	0.0	0.0	0.0	1156.0	0.0	393.0	0.0	0.0	7.0	38.0	0.0	0.0	7.0	0.0	49.0	0.0	0.0	28.0	0.0	0.0	59.0	168.0	54.0	0.0	0.0	0.0	25.0	5.0	0.0	10.0	79.0	0.0	4.0	1.0	3.0	0.0	0.0	0.0	0.0	0.0	0.0	4.0	0.0	0.0	0.0	0.0	4.0	0.0	0.0	0.0	0.0	0.0	393.0	271.0	0.0	71.0	0.0	0.0	0.0	0.0	0.0	0.0	0.0	4.0	0.0	0.0	0.0	19.0	0.0	0.0	0.0	0.0	0.0	1.0	8.0	23.0	0.0	2.0	0.0	0.0	0.0	0.0	0.0	0.0	0.0	0.0	0.0	0.0	0.0	0.0	0.0	0.0	3.0	0.0
SRR23478242	136.0	7.0	3.0	0.0	14.0	8.0	0.0	258.0	0.0	454.0	0.0	0.0	266.0	20.0	0.0	0.0	0.0	55.0	6.0	0.0	34.0	33.0	40.0	0.0	1.0	0.0	0.0	0.0	9.0	1.0	2.0	0.0	0.0	9.0	0.0	3.0	30.0	0.0	0.0	116.0	432.0	18.0	0.0	5.0	0.0	0.0	0.0	5.0	699.0	0.0	0.0	0.0	0.0	0.0	9.0	0.0	0.0	0.0	0.0	0.0	0.0	0.0	7.0	0.0	17.0	0.0	3.0	0.0	353.0	0.0	349.0	12.0	1526.0	5.0	113.0	0.0	0.0	0.0	3.0	0.0	0.0	24.0	16.0	0.0	0.0	1.0	0.0	5.0	2.0	3.0	0.0	0.0	1.0	6.0	0.0	9.0	1.0	0.0	9.0	0.0	1.0	0.0	582.0	0.0	18.0	0.0	18.0	5.0	29.0	0.0	0.0	0.0	0.0	22.0	0.0	1.0	17.0	2.0	0.0	0.0	5.0	6.0	0.0	0.0	2.0	81.0	0.0	0.0	0.0	0.0	0.0	7.0	0.0	0.0	0.0	0.0	0.0	0.0	2.0	0.0	3.0	0.0	1.0	0.0	11.0	0.0	0.0	0.0	0.0	7.0	0.0	6.0	6.0	0.0	8.0	0.0	0.0	0.0	0.0	0.0	0.0	0.0	4.0	31.0	0.0	31.0	3.0	3.0	0.0	0.0	0.0	0.0	30.0	0.0	2.0	0.0	0.0	0.0	0.0	10.0	0.0	1.0	0.0	0.0	4.0	26.0	0.0	5.0	0.0	0.0	0.0	20.0	26.0
SRR23478243	1.0	112.0	0.0	0.0	4.0	4.0	0.0	1063.0	0.0	2.0	3.0	0.0	248.0	3.0	8.0	158.0	0.0	0.0	10.0	6.0	0.0	0.0	668.0	34.0	0.0	0.0	0.0	0.0	0.0	3.0	18.0	0.0	0.0	292.0	19.0	1.0	8.0	0.0	2.0	250.0	522.0	148.0	0.0	0.0	0.0	0.0	0.0	0.0	253.0	0.0	6.0	0.0	0.0	0.0	23.0	0.0	0.0	0.0	0.0	7.0	0.0	0.0	3.0	0.0	12.0	0.0	6.0	0.0	4.0	0.0	0.0	5.0	0.0	124.0	136.0	0.0	0.0	0.0	3.0	0.0	2.0	1.0	75.0	0.0	8.0	0.0	0.0	0.0	0.0	16.0	0.0	1.0	0.0	1.0	15.0	1.0	1.0	0.0	54.0	1.0	0.0	1.0	282.0	0.0	245.0	0.0	2.0	16.0	42.0	2.0	0.0	0.0	0.0	305.0	0.0	7.0	105.0	1.0	0.0	8.0	63.0	144.0	0.0	0.0	0.0	18.0	0.0	0.0	0.0	247.0	8.0	51.0	0.0	0.0	0.0	0.0	0.0	0.0	0.0	8.0	0.0	0.0	4.0	0.0	0.0	0.0	1.0	13.0	8.0	0.0	0.0	34.0	39.0	16.0	18.0	0.0	0.0	6.0	0.0	2.0	0.0	5.0	0.0	3.0	0.0	1.0	3.0	9.0	0.0	0.0	19.0	0.0	10.0	0.0	0.0	0.0	5.0	1.0	1.0	0.0	0.0	2.0	0.0	0.0	7.0	25.0	0.0	0.0	0.0	0.0	0.0	9.0	47.0
SRR23478244	212.0	159.0	0.0	0.0	1.0	4.0	0.0	135.0	0.0	1352.0	6.0	0.0	579.0	472.0	0.0	0.0	0.0	0.0	4.0	0.0	6.0	0.0	122.0	38.0	0.0	0.0	0.0	0.0	0.0	0.0	0.0	0.0	0.0	3.0	90.0	12.0	210.0	27.0	3.0	21.0	30.0	0.0	0.0	5.0	1.0	1.0	1.0	2.0	1161.0	11.0	0.0	0.0	6.0	0.0	2.0	0.0	0.0	0.0	0.0	0.0	1.0	0.0	1.0	0.0	243.0	14.0	0.0	20.0	0.0	0.0	0.0	210.0	0.0	1.0	47.0	0.0	8.0	0.0	12.0	4.0	15.0	22.0	1.0	0.0	0.0	7.0	0.0	258.0	28.0	30.0	0.0	0.0	0.0	0.0	0.0	11.0	8.0	0.0	4.0	1.0	0.0	1.0	16.0	0.0	14.0	0.0	2.0	0.0	4.0	0.0	0.0	0.0	0.0	3.0	0.0	7.0	5.0	2.0	0.0	0.0	0.0	8.0	0.0	0.0	0.0	31.0	0.0	3.0	0.0	42.0	0.0	6.0	0.0	0.0	28.0	4.0	0.0	1.0	11.0	0.0	0.0	4.0	1.0	0.0	0.0	0.0	0.0	8.0	0.0	16.0	0.0	0.0	16.0	19.0	0.0	0.0	0.0	0.0	0.0	10.0	0.0	1.0	0.0	28.0	5.0	1.0	0.0	13.0	0.0	0.0	0.0	0.0	7.0	0.0	10.0	0.0	5.0	1.0	52.0	4.0	1.0	13.0	16.0	0.0	2.0	5.0	32.0	2.0	0.0	7.0	0.0	20.0	49.0
SRR23478245	784.0	18.0	0.0	0.0	0.0	1.0	0.0	94.0	0.0	514.0	0.0	0.0	43.0	45.0	0.0	0.0	0.0	5.0	0.0	3.0	83.0	3.0	29.0	213.0	9.0	0.0	0.0	0.0	2.0	3.0	6.0	1.0	0.0	3.0	0.0	0.0	9.0	0.0	0.0	3.0	0.0	1.0	0.0	98.0	0.0	0.0	0.0	351.0	1229.0	0.0	4.0	0.0	0.0	0.0	2.0	0.0	0.0	3.0	0.0	8.0	0.0	0.0	0.0	0.0	27.0	0.0	0.0	0.0	0.0	0.0	23.0	0.0	570.0	4.0	25.0	33.0	0.0	0.0	730.0	0.0	0.0	0.0	44.0	0.0	8.0	0.0	0.0	0.0	3.0	18.0	0.0	0.0	0.0	0.0	0.0	107.0	4.0	0.0	0.0	0.0	0.0	0.0	62.0	0.0	27.0	0.0	3.0	0.0	2.0	0.0	0.0	3.0	0.0	0.0	0.0	6.0	8.0	0.0	0.0	0.0	5.0	3.0	0.0	0.0	2.0	13.0	0.0	0.0	1.0	0.0	0.0	0.0	0.0	0.0	0.0	0.0	19.0	0.0	3.0	0.0	0.0	0.0	0.0	0.0	0.0	0.0	0.0	0.0	0.0	0.0	0.0	0.0	22.0	0.0	0.0	0.0	0.0	0.0	182.0	0.0	0.0	0.0	0.0	57.0	4.0	48.0	0.0	35.0	0.0	0.0	4.0	0.0	2.0	6.0	0.0	0.0	6.0	0.0	0.0	39.0	0.0	0.0	0.0	0.0	0.0	14.0	0.0	0.0	0.0	0.0	3.0	14.0	0.0
SRR23478246	15.0	129.0	0.0	0.0	67.0	0.0	0.0	493.0	0.0	13.0	0.0	0.0	119.0	46.0	0.0	0.0	0.0	48.0	36.0	0.0	0.0	0.0	76.0	0.0	0.0	0.0	0.0	0.0	1748.0	5.0	5.0	6.0	0.0	13.0	0.0	0.0	55.0	7.0	0.0	145.0	19.0	84.0	0.0	61.0	7.0	0.0	0.0	199.0	1177.0	0.0	0.0	0.0	0.0	0.0	10.0	0.0	0.0	3.0	5.0	5.0	0.0	0.0	122.0	0.0	0.0	39.0	7.0	0.0	0.0	0.0	0.0	0.0	0.0	0.0	371.0	0.0	0.0	0.0	11.0	0.0	0.0	0.0	124.0	0.0	0.0	0.0	0.0	16.0	0.0	0.0	0.0	0.0	0.0	0.0	0.0	0.0	0.0	0.0	24.0	0.0	0.0	0.0	150.0	0.0	84.0	0.0	10.0	0.0	3.0	0.0	0.0	0.0	0.0	0.0	0.0	0.0	0.0	0.0	0.0	0.0	27.0	0.0	0.0	0.0	0.0	44.0	3.0	0.0	0.0	0.0	0.0	0.0	0.0	0.0	0.0	0.0	0.0	2.0	0.0	0.0	0.0	0.0	0.0	0.0	0.0	0.0	0.0	0.0	0.0	0.0	37.0	0.0	94.0	0.0	0.0	0.0	0.0	0.0	0.0	0.0	0.0	0.0	0.0	0.0	20.0	0.0	18.0	7.0	0.0	0.0	0.0	2.0	8.0	149.0	0.0	0.0	0.0	0.0	0.0	0.0	0.0	0.0	0.0	0.0	0.0	73.0	0.0	0.0	0.0	0.0	0.0	33.0	0.0
SRR23478247	10.0	244.0	2.0	1.0	20.0	0.0	0.0	15.0	0.0	14.0	1.0	0.0	807.0	11.0	0.0	0.0	0.0	0.0	19.0	1.0	0.0	0.0	91.0	0.0	1.0	0.0	0.0	2.0	12.0	2.0	1.0	4.0	0.0	14.0	11.0	5.0	0.0	0.0	2.0	142.0	551.0	879.0	15.0	0.0	0.0	0.0	0.0	1.0	938.0	0.0	2.0	0.0	26.0	0.0	59.0	0.0	0.0	1.0	0.0	88.0	0.0	0.0	14.0	0.0	38.0	11.0	0.0	0.0	0.0	0.0	0.0	0.0	0.0	2.0	64.0	0.0	0.0	0.0	0.0	11.0	0.0	0.0	18.0	0.0	10.0	0.0	0.0	0.0	0.0	0.0	0.0	2.0	0.0	250.0	0.0	0.0	0.0	0.0	18.0	0.0	0.0	0.0	351.0	0.0	233.0	0.0	1.0	34.0	1.0	0.0	0.0	11.0	0.0	151.0	2.0	3.0	22.0	0.0	0.0	0.0	0.0	100.0	0.0	0.0	0.0	549.0	1.0	0.0	7.0	0.0	16.0	3.0	0.0	4.0	0.0	0.0	0.0	0.0	0.0	7.0	0.0	0.0	1.0	2.0	99.0	1.0	0.0	0.0	0.0	0.0	0.0	29.0	2.0	0.0	17.0	4.0	0.0	0.0	0.0	0.0	5.0	0.0	0.0	0.0	0.0	0.0	0.0	0.0	8.0	0.0	0.0	0.0	89.0	0.0	0.0	0.0	4.0	0.0	0.0	0.0	1.0	0.0	0.0	0.0	10.0	0.0	1.0	7.0	0.0	0.0	0.0	18.0	18.0
SRR23478248	4.0	0.0	0.0	0.0	26.0	0.0	0.0	1675.0	2.0	7.0	0.0	0.0	660.0	2.0	0.0	0.0	0.0	5.0	0.0	3.0	0.0	114.0	236.0	5.0	0.0	0.0	0.0	0.0	3.0	1.0	1.0	0.0	0.0	84.0	0.0	0.0	19.0	0.0	5.0	157.0	253.0	59.0	0.0	0.0	1.0	0.0	0.0	0.0	474.0	0.0	0.0	0.0	0.0	0.0	33.0	0.0	0.0	0.0	1.0	0.0	2.0	0.0	8.0	0.0	38.0	3.0	2.0	0.0	27.0	12.0	7.0	8.0	1.0	17.0	110.0	0.0	0.0	0.0	17.0	1.0	2.0	6.0	826.0	0.0	2.0	0.0	0.0	1.0	0.0	6.0	1.0	0.0	1.0	9.0	0.0	3.0	0.0	0.0	36.0	0.0	0.0	8.0	374.0	14.0	155.0	0.0	3.0	0.0	0.0	9.0	0.0	0.0	0.0	4.0	0.0	2.0	83.0	0.0	0.0	0.0	4.0	6.0	0.0	0.0	6.0	19.0	0.0	0.0	0.0	0.0	0.0	36.0	0.0	1.0	0.0	0.0	0.0	0.0	0.0	2.0	25.0	0.0	1.0	0.0	0.0	0.0	2.0	8.0	0.0	0.0	0.0	24.0	112.0	0.0	13.0	2.0	0.0	0.0	5.0	0.0	4.0	25.0	0.0	0.0	4.0	2.0	1.0	9.0	0.0	45.0	0.0	2.0	60.0	0.0	0.0	0.0	0.0	0.0	0.0	23.0	4.0	2.0	0.0	0.0	23.0	25.0	0.0	4.0	0.0	0.0	0.0	20.0	0.0
SRR23478249	7.0	15.0	0.0	0.0	0.0	0.0	0.0	73.0	0.0	228.0	0.0	0.0	22.0	19.0	0.0	0.0	0.0	0.0	0.0	0.0	1.0	1.0	3.0	8.0	0.0	0.0	0.0	0.0	0.0	0.0	0.0	0.0	0.0	0.0	0.0	0.0	2.0	0.0	0.0	2.0	0.0	0.0	0.0	0.0	0.0	1.0	0.0	0.0	5723.0	2.0	0.0	0.0	1.0	0.0	1.0	0.0	0.0	0.0	0.0	0.0	0.0	0.0	6.0	0.0	1.0	34.0	0.0	0.0	0.0	0.0	0.0	0.0	0.0	4.0	13.0	0.0	0.0	0.0	2.0	0.0	6.0	0.0	4.0	2.0	0.0	1.0	0.0	0.0	0.0	10.0	0.0	0.0	0.0	0.0	0.0	2.0	0.0	0.0	1.0	0.0	0.0	1.0	7.0	0.0	2.0	0.0	0.0	0.0	0.0	0.0	0.0	0.0	0.0	0.0	0.0	0.0	4.0	0.0	0.0	1.0	0.0	0.0	0.0	0.0	0.0	5.0	0.0	0.0	0.0	0.0	0.0	0.0	0.0	0.0	0.0	3.0	0.0	1.0	0.0	0.0	0.0	0.0	1.0	0.0	0.0	0.0	0.0	0.0	0.0	1.0	0.0	0.0	3.0	0.0	0.0	0.0	0.0	0.0	0.0	0.0	0.0	0.0	1.0	1.0	1.0	1.0	0.0	2.0	0.0	0.0	0.0	0.0	2.0	0.0	0.0	0.0	0.0	0.0	0.0	0.0	0.0	0.0	3.0	0.0	2.0	0.0	1.0	0.0	1.0	0.0	0.0	0.0	0.0
SRR23478250	0.0	0.0	1.0	0.0	0.0	0.0	0.0	50.0	0.0	11.0	0.0	0.0	1483.0	9.0	0.0	5.0	0.0	45.0	17.0	0.0	1.0	0.0	171.0	4.0	0.0	0.0	74.0	2.0	0.0	0.0	0.0	5.0	0.0	61.0	46.0	83.0	0.0	1.0	20.0	482.0	889.0	86.0	4.0	0.0	0.0	0.0	0.0	0.0	513.0	0.0	1.0	0.0	0.0	17.0	200.0	0.0	2.0	0.0	0.0	14.0	0.0	0.0	0.0	0.0	0.0	8.0	6.0	0.0	0.0	0.0	0.0	1.0	0.0	18.0	12.0	0.0	0.0	0.0	85.0	0.0	0.0	0.0	107.0	0.0	9.0	0.0	0.0	0.0	0.0	1.0	0.0	1.0	2.0	0.0	10.0	0.0	0.0	0.0	6.0	0.0	0.0	0.0	358.0	0.0	188.0	0.0	4.0	16.0	0.0	4.0	0.0	0.0	0.0	110.0	0.0	7.0	35.0	0.0	0.0	26.0	2.0	20.0	0.0	0.0	0.0	285.0	0.0	0.0	10.0	0.0	0.0	18.0	2.0	12.0	0.0	1.0	3.0	0.0	0.0	2.0	0.0	0.0	23.0	0.0	0.0	16.0	15.0	0.0	7.0	3.0	6.0	59.0	229.0	1.0	4.0	2.0	0.0	11.0	0.0	0.0	0.0	0.0	4.0	0.0	0.0	1.0	5.0	0.0	1.0	0.0	4.0	0.0	2.0	0.0	0.0	0.0	0.0	0.0	0.0	0.0	1.0	2.0	1.0	0.0	190.0	0.0	0.0	4.0	0.0	1.0	0.0	1.0	0.0
SRR23478251	0.0	1.0	8.0	1.0	1.0	0.0	0.0	1609.0	347.0	1.0	0.0	0.0	1104.0	0.0	0.0	1.0	0.0	0.0	13.0	0.0	0.0	0.0	74.0	1.0	2.0	0.0	0.0	0.0	0.0	0.0	0.0	0.0	0.0	57.0	0.0	0.0	1.0	0.0	11.0	161.0	444.0	58.0	1.0	0.0	0.0	0.0	0.0	0.0	1498.0	0.0	1.0	0.0	11.0	0.0	6.0	0.0	0.0	2.0	0.0	12.0	0.0	0.0	2.0	0.0	16.0	44.0	5.0	0.0	0.0	0.0	0.0	2.0	0.0	0.0	37.0	0.0	0.0	0.0	6.0	0.0	0.0	0.0	36.0	0.0	8.0	0.0	0.0	0.0	0.0	13.0	0.0	2.0	1.0	0.0	1.0	0.0	0.0	0.0	58.0	2.0	0.0	1.0	75.0	0.0	76.0	0.0	0.0	12.0	34.0	0.0	0.0	0.0	0.0	84.0	1.0	1.0	38.0	1.0	0.0	1.0	13.0	47.0	0.0	0.0	2.0	34.0	0.0	0.0	0.0	6.0	0.0	13.0	0.0	0.0	0.0	0.0	0.0	0.0	18.0	25.0	0.0	0.0	0.0	0.0	0.0	0.0	6.0	1.0	3.0	1.0	1.0	7.0	16.0	0.0	11.0	1.0	0.0	0.0	0.0	0.0	0.0	0.0	0.0	1.0	1.0	2.0	1.0	1.0	0.0	0.0	0.0	0.0	0.0	0.0	0.0	0.0	1.0	0.0	0.0	6.0	6.0	3.0	0.0	0.0	5.0	32.0	1.0	12.0	0.0	0.0	0.0	2.0	0.0
SRR23478252	14.0	30.0	0.0	0.0	1.0	0.0	0.0	27.0	0.0	47.0	0.0	0.0	362.0	1.0	0.0	0.0	0.0	0.0	2.0	0.0	0.0	2.0	89.0	0.0	0.0	0.0	0.0	0.0	0.0	2.0	1.0	0.0	0.0	23.0	0.0	1.0	12.0	0.0	0.0	69.0	79.0	36.0	0.0	0.0	0.0	0.0	0.0	0.0	4323.0	0.0	0.0	0.0	0.0	0.0	49.0	0.0	0.0	0.0	0.0	17.0	1.0	0.0	10.0	0.0	2.0	0.0	0.0	0.0	0.0	0.0	3.0	0.0	0.0	78.0	60.0	0.0	0.0	0.0	6.0	0.0	0.0	1.0	203.0	0.0	4.0	0.0	0.0	0.0	0.0	0.0	0.0	3.0	0.0	7.0	8.0	0.0	0.0	0.0	0.0	0.0	0.0	0.0	332.0	0.0	60.0	0.0	0.0	0.0	16.0	0.0	0.0	0.0	0.0	16.0	0.0	0.0	12.0	0.0	0.0	0.0	0.0	15.0	0.0	0.0	0.0	52.0	0.0	0.0	0.0	111.0	0.0	0.0	0.0	0.0	0.0	0.0	0.0	0.0	0.0	6.0	0.0	0.0	0.0	0.0	0.0	0.0	0.0	4.0	0.0	0.0	0.0	25.0	30.0	0.0	0.0	0.0	0.0	0.0	0.0	0.0	0.0	0.0	0.0	0.0	0.0	0.0	0.0	3.0	0.0	0.0	0.0	0.0	0.0	0.0	0.0	0.0	1.0	0.0	0.0	0.0	0.0	0.0	0.0	0.0	0.0	0.0	0.0	1.0	0.0	0.0	0.0	0.0	0.0
SRR23478253	445.0	0.0	0.0	0.0	0.0	0.0	6.0	140.0	0.0	358.0	0.0	0.0	63.0	1544.0	0.0	0.0	0.0	12.0	0.0	0.0	2.0	0.0	4.0	12.0	0.0	0.0	0.0	0.0	0.0	0.0	0.0	0.0	0.0	1.0	0.0	0.0	0.0	0.0	0.0	18.0	2.0	0.0	0.0	0.0	0.0	1.0	2.0	32.0	2716.0	0.0	0.0	0.0	1.0	0.0	0.0	0.0	0.0	0.0	0.0	0.0	13.0	0.0	4.0	0.0	1.0	23.0	0.0	1.0	78.0	0.0	0.0	42.0	0.0	2.0	92.0	0.0	1.0	1.0	4.0	1.0	79.0	93.0	0.0	4.0	0.0	3.0	0.0	38.0	23.0	11.0	35.0	0.0	0.0	0.0	0.0	4.0	0.0	0.0	2.0	0.0	1.0	4.0	9.0	0.0	14.0	0.0	10.0	0.0	0.0	14.0	0.0	0.0	0.0	0.0	0.0	1.0	1.0	1.0	0.0	1.0	0.0	0.0	0.0	0.0	1.0	0.0	0.0	0.0	0.0	0.0	0.0	5.0	0.0	0.0	0.0	21.0	0.0	1.0	1.0	0.0	0.0	0.0	0.0	0.0	1.0	0.0	0.0	1.0	0.0	0.0	0.0	1.0	6.0	0.0	0.0	0.0	0.0	0.0	0.0	5.0	0.0	0.0	12.0	4.0	0.0	7.0	1.0	127.0	0.0	0.0	0.0	0.0	1.0	0.0	0.0	0.0	0.0	0.0	3.0	0.0	0.0	1.0	0.0	0.0	0.0	0.0	3.0	0.0	2.0	0.0	0.0	1.0	0.0
SRR23478254	55.0	203.0	0.0	0.0	2.0	0.0	18.0	28.0	0.0	4095.0	0.0	0.0	8.0	381.0	0.0	0.0	0.0	0.0	6.0	0.0	0.0	0.0	1.0	0.0	0.0	0.0	0.0	0.0	4.0	0.0	0.0	0.0	0.0	0.0	0.0	2.0	5.0	6.0	0.0	0.0	160.0	0.0	0.0	4.0	0.0	0.0	0.0	8.0	1017.0	9.0	0.0	1.0	0.0	0.0	2.0	0.0	0.0	0.0	0.0	0.0	0.0	0.0	1.0	0.0	21.0	0.0	0.0	0.0	0.0	0.0	0.0	0.0	34.0	0.0	78.0	0.0	1.0	0.0	6.0	0.0	0.0	0.0	3.0	4.0	0.0	0.0	0.0	16.0	2.0	0.0	0.0	0.0	0.0	0.0	0.0	0.0	0.0	1.0	1.0	0.0	0.0	0.0	9.0	0.0	0.0	0.0	2.0	0.0	6.0	0.0	0.0	0.0	0.0	3.0	0.0	0.0	7.0	0.0	0.0	0.0	6.0	2.0	2.0	0.0	0.0	9.0	0.0	4.0	0.0	0.0	0.0	2.0	0.0	0.0	4.0	0.0	0.0	2.0	0.0	0.0	0.0	2.0	0.0	0.0	0.0	0.0	0.0	2.0	0.0	0.0	5.0	1.0	20.0	0.0	0.0	0.0	0.0	0.0	0.0	0.0	1.0	0.0	0.0	0.0	0.0	0.0	0.0	0.0	0.0	0.0	0.0	0.0	0.0	0.0	0.0	0.0	0.0	0.0	0.0	0.0	0.0	0.0	0.0	0.0	2.0	0.0	4.0	0.0	0.0	0.0	0.0	2.0	0.0
SRR23478255	61.0	285.0	0.0	0.0	10.0	5.0	0.0	166.0	0.0	1084.0	0.0	6.0	63.0	741.0	0.0	0.0	16.0	6.0	70.0	0.0	0.0	0.0	81.0	0.0	0.0	3.0	0.0	3.0	12.0	6.0	3.0	17.0	0.0	8.0	0.0	129.0	0.0	5.0	0.0	2.0	10.0	146.0	1.0	8.0	4.0	0.0	0.0	0.0	0.0	0.0	0.0	0.0	40.0	0.0	20.0	0.0	0.0	3.0	2.0	52.0	4.0	1.0	12.0	1.0	0.0	233.0	0.0	0.0	0.0	0.0	0.0	0.0	90.0	0.0	1074.0	6.0	11.0	0.0	11.0	1.0	0.0	89.0	23.0	0.0	0.0	0.0	0.0	6.0	0.0	0.0	0.0	3.0	0.0	0.0	0.0	1.0	2.0	0.0	2.0	0.0	0.0	0.0	483.0	0.0	164.0	0.0	20.0	0.0	39.0	0.0	0.0	0.0	0.0	55.0	0.0	14.0	3.0	0.0	4.0	0.0	0.0	6.0	0.0	0.0	0.0	506.0	0.0	0.0	5.0	0.0	7.0	0.0	0.0	0.0	0.0	0.0	0.0	2.0	0.0	0.0	0.0	5.0	0.0	0.0	0.0	0.0	0.0	0.0	0.0	0.0	0.0	5.0	18.0	0.0	0.0	0.0	0.0	66.0	0.0	0.0	25.0	0.0	0.0	2.0	0.0	0.0	0.0	0.0	0.0	0.0	0.0	0.0	117.0	21.0	0.0	0.0	4.0	0.0	0.0	0.0	0.0	0.0	0.0	0.0	7.0	0.0	0.0	0.0	0.0	0.0	0.0	17.0	0.0
SRR23478256	548.0	211.0	0.0	0.0	0.0	0.0	0.0	335.0	0.0	1197.0	6.0	0.0	1.0	1873.0	0.0	0.0	0.0	6.0	2.0	3.0	1.0	0.0	3.0	0.0	2.0	0.0	0.0	0.0	0.0	0.0	0.0	3.0	0.0	0.0	2.0	9.0	9.0	8.0	0.0	0.0	49.0	0.0	0.0	10.0	6.0	0.0	0.0	0.0	3.0	19.0	0.0	0.0	4.0	0.0	2.0	0.0	0.0	8.0	0.0	0.0	7.0	0.0	0.0	0.0	92.0	180.0	0.0	0.0	0.0	0.0	0.0	0.0	0.0	0.0	174.0	0.0	0.0	0.0	20.0	0.0	147.0	0.0	0.0	0.0	0.0	27.0	0.0	137.0	0.0	17.0	0.0	0.0	0.0	14.0	0.0	9.0	23.0	2.0	1.0	0.0	0.0	0.0	26.0	0.0	6.0	0.0	6.0	0.0	340.0	0.0	0.0	2.0	0.0	1.0	0.0	107.0	0.0	0.0	0.0	0.0	0.0	17.0	0.0	0.0	2.0	113.0	1.0	0.0	0.0	0.0	0.0	29.0	0.0	0.0	6.0	1.0	5.0	0.0	5.0	0.0	0.0	2.0	0.0	0.0	0.0	0.0	0.0	0.0	0.0	0.0	0.0	9.0	144.0	0.0	0.0	0.0	0.0	5.0	50.0	4.0	0.0	0.0	0.0	29.0	3.0	0.0	2.0	118.0	0.0	0.0	0.0	0.0	0.0	0.0	0.0	0.0	0.0	0.0	16.0	1.0	3.0	0.0	0.0	9.0	2.0	0.0	0.0	6.0	0.0	0.0	0.0	13.0	17.0
SRR23478257	1825.0	0.0	0.0	0.0	1.0	1.0	0.0	25.0	0.0	796.0	0.0	0.0	15.0	112.0	0.0	0.0	0.0	17.0	0.0	0.0	0.0	0.0	1.0	0.0	0.0	0.0	0.0	0.0	0.0	0.0	2.0	0.0	0.0	0.0	1.0	15.0	0.0	0.0	1.0	9.0	360.0	0.0	0.0	4.0	0.0	0.0	3.0	1.0	2.0	0.0	0.0	0.0	0.0	0.0	0.0	0.0	0.0	0.0	1.0	0.0	4.0	0.0	0.0	0.0	4.0	0.0	0.0	0.0	8.0	7.0	0.0	0.0	68.0	0.0	92.0	0.0	2.0	0.0	1657.0	0.0	545.0	267.0	0.0	0.0	0.0	4.0	0.0	16.0	54.0	0.0	0.0	0.0	0.0	0.0	0.0	8.0	2.0	1.0	0.0	0.0	0.0	0.0	10.0	0.0	5.0	0.0	0.0	0.0	10.0	0.0	0.0	0.0	0.0	0.0	0.0	0.0	0.0	0.0	0.0	0.0	0.0	0.0	0.0	0.0	0.0	244.0	0.0	0.0	0.0	0.0	0.0	0.0	0.0	0.0	0.0	0.0	0.0	4.0	0.0	0.0	0.0	0.0	0.0	0.0	0.0	0.0	0.0	5.0	0.0	0.0	0.0	0.0	0.0	0.0	0.0	0.0	0.0	0.0	0.0	0.0	0.0	0.0	0.0	0.0	0.0	1.0	19.0	18.0	0.0	0.0	0.0	0.0	0.0	0.0	0.0	0.0	0.0	0.0	2.0	0.0	0.0	0.0	0.0	2.0	2.0	0.0	0.0	0.0	0.0	13.0	0.0	1.0	0.0
SRR23478258	509.0	151.0	0.0	3.0	38.0	0.0	0.0	104.0	0.0	1963.0	3.0	0.0	42.0	954.0	0.0	0.0	0.0	58.0	0.0	1.0	0.0	0.0	43.0	0.0	0.0	0.0	0.0	0.0	74.0	7.0	0.0	0.0	8.0	1.0	0.0	0.0	14.0	11.0	0.0	9.0	0.0	37.0	2.0	0.0	1.0	0.0	0.0	2.0	6.0	3.0	0.0	9.0	0.0	0.0	2.0	0.0	0.0	1.0	0.0	15.0	106.0	0.0	63.0	0.0	11.0	0.0	0.0	0.0	20.0	26.0	0.0	0.0	0.0	2.0	873.0	0.0	4.0	0.0	29.0	0.0	134.0	60.0	14.0	0.0	0.0	12.0	0.0	63.0	0.0	0.0	0.0	7.0	0.0	0.0	0.0	0.0	0.0	0.0	0.0	0.0	0.0	0.0	64.0	0.0	70.0	0.0	23.0	0.0	20.0	0.0	0.0	0.0	0.0	2.0	0.0	0.0	6.0	0.0	37.0	1.0	0.0	0.0	0.0	0.0	0.0	179.0	0.0	0.0	1.0	0.0	0.0	0.0	0.0	0.0	0.0	6.0	2.0	1.0	0.0	0.0	0.0	11.0	5.0	0.0	0.0	0.0	0.0	2.0	3.0	0.0	0.0	19.0	100.0	16.0	4.0	0.0	0.0	2.0	0.0	0.0	0.0	0.0	0.0	0.0	0.0	0.0	0.0	1.0	0.0	0.0	0.0	0.0	14.0	0.0	0.0	0.0	0.0	0.0	0.0	0.0	0.0	0.0	0.0	0.0	0.0	0.0	27.0	0.0	0.0	0.0	0.0	45.0	0.0
SRR23478259	280.0	21.0	0.0	0.0	34.0	2.0	12.0	48.0	0.0	3198.0	0.0	0.0	3.0	948.0	0.0	3.0	0.0	13.0	0.0	0.0	4.0	0.0	6.0	0.0	1.0	0.0	0.0	0.0	374.0	0.0	0.0	0.0	0.0	1.0	0.0	1.0	27.0	2.0	0.0	7.0	15.0	13.0	1.0	0.0	1.0	2.0	0.0	5.0	206.0	1.0	0.0	4.0	0.0	0.0	8.0	0.0	0.0	1.0	0.0	0.0	52.0	0.0	59.0	0.0	9.0	45.0	0.0	1.0	0.0	0.0	14.0	29.0	24.0	2.0	208.0	0.0	4.0	0.0	10.0	2.0	16.0	0.0	2.0	1.0	0.0	7.0	0.0	10.0	20.0	0.0	0.0	0.0	0.0	0.0	1.0	8.0	1.0	0.0	29.0	0.0	1.0	0.0	37.0	3.0	20.0	0.0	19.0	2.0	0.0	0.0	1.0	0.0	0.0	18.0	0.0	2.0	4.0	0.0	0.0	6.0	0.0	0.0	0.0	0.0	1.0	129.0	0.0	0.0	0.0	0.0	0.0	0.0	0.0	0.0	0.0	6.0	0.0	2.0	1.0	0.0	0.0	5.0	3.0	0.0	0.0	0.0	10.0	1.0	1.0	0.0	0.0	5.0	67.0	11.0	8.0	0.0	0.0	4.0	0.0	0.0	3.0	0.0	3.0	5.0	0.0	0.0	0.0	22.0	0.0	10.0	0.0	0.0	13.0	0.0	1.0	0.0	0.0	2.0	1.0	0.0	0.0	1.0	0.0	0.0	7.0	0.0	8.0	0.0	0.0	0.0	0.0	9.0	0.0
SRR23478260	21.0	33.0	6.0	0.0	0.0	0.0	0.0	69.0	0.0	3.0	0.0	0.0	1163.0	3.0	0.0	2.0	0.0	0.0	196.0	0.0	0.0	0.0	136.0	0.0	5.0	2.0	0.0	0.0	0.0	2.0	0.0	0.0	0.0	572.0	2.0	0.0	1.0	0.0	1.0	63.0	25.0	2.0	0.0	0.0	0.0	0.0	0.0	3.0	169.0	0.0	0.0	0.0	0.0	0.0	50.0	1485.0	0.0	7.0	4.0	4.0	0.0	7.0	1.0	0.0	96.0	21.0	0.0	0.0	0.0	0.0	2.0	0.0	0.0	0.0	88.0	0.0	0.0	0.0	50.0	0.0	25.0	4.0	5.0	0.0	4.0	0.0	0.0	3.0	1.0	0.0	0.0	4.0	0.0	189.0	2.0	5.0	0.0	0.0	6.0	0.0	0.0	0.0	64.0	0.0	14.0	0.0	0.0	0.0	16.0	0.0	0.0	9.0	0.0	468.0	0.0	3.0	73.0	0.0	0.0	2.0	159.0	364.0	0.0	0.0	3.0	2.0	0.0	0.0	0.0	46.0	0.0	3.0	0.0	8.0	0.0	4.0	3.0	0.0	0.0	3.0	0.0	0.0	1.0	0.0	3.0	0.0	9.0	5.0	1.0	0.0	0.0	0.0	24.0	0.0	5.0	0.0	0.0	1.0	0.0	0.0	0.0	0.0	5.0	0.0	13.0	75.0	3.0	10.0	0.0	16.0	0.0	0.0	0.0	0.0	0.0	0.0	6.0	0.0	3.0	13.0	10.0	0.0	0.0	0.0	30.0	0.0	0.0	5.0	0.0	0.0	5.0	0.0	0.0
SRR23478261	8.0	8.0	2.0	9.0	12.0	21.0	0.0	89.0	403.0	19.0	0.0	0.0	490.0	31.0	0.0	0.0	0.0	23.0	1.0	2.0	0.0	1.0	96.0	0.0	0.0	1.0	0.0	0.0	0.0	0.0	0.0	0.0	0.0	13.0	0.0	0.0	172.0	19.0	0.0	20.0	97.0	38.0	0.0	10.0	0.0	1.0	0.0	40.0	1841.0	0.0	2.0	0.0	7.0	2.0	20.0	0.0	0.0	0.0	0.0	3.0	0.0	0.0	16.0	0.0	14.0	0.0	5.0	0.0	0.0	0.0	0.0	4.0	0.0	21.0	763.0	0.0	0.0	0.0	10.0	3.0	11.0	4.0	33.0	0.0	1.0	2.0	0.0	11.0	4.0	3.0	0.0	2.0	0.0	0.0	208.0	0.0	5.0	0.0	7.0	0.0	0.0	0.0	146.0	0.0	61.0	0.0	32.0	0.0	1.0	6.0	0.0	0.0	0.0	23.0	0.0	4.0	17.0	50.0	5.0	9.0	0.0	15.0	0.0	32.0	2.0	110.0	0.0	0.0	0.0	577.0	0.0	7.0	0.0	0.0	10.0	1.0	0.0	0.0	0.0	5.0	0.0	8.0	4.0	0.0	0.0	0.0	3.0	3.0	0.0	0.0	0.0	7.0	119.0	0.0	9.0	0.0	0.0	3.0	9.0	0.0	15.0	0.0	59.0	0.0	2.0	0.0	1.0	7.0	0.0	0.0	0.0	0.0	34.0	0.0	5.0	0.0	0.0	0.0	0.0	38.0	1.0	1.0	3.0	0.0	8.0	8.0	7.0	7.0	0.0	0.0	0.0	4.0	57.0
SRR23478262	8.0	163.0	9.0	2.0	30.0	11.0	0.0	469.0	79.0	377.0	1.0	0.0	1381.0	128.0	0.0	9.0	0.0	0.0	58.0	0.0	0.0	0.0	95.0	0.0	0.0	0.0	0.0	18.0	1.0	11.0	0.0	0.0	0.0	61.0	0.0	3.0	0.0	30.0	5.0	40.0	152.0	191.0	3.0	4.0	1.0	0.0	0.0	1.0	113.0	3.0	5.0	0.0	20.0	0.0	171.0	0.0	0.0	1.0	0.0	178.0	1.0	17.0	26.0	0.0	47.0	0.0	0.0	0.0	0.0	0.0	21.0	0.0	0.0	35.0	119.0	0.0	0.0	0.0	2.0	0.0	154.0	0.0	285.0	0.0	21.0	0.0	0.0	0.0	0.0	14.0	0.0	5.0	0.0	18.0	0.0	0.0	0.0	0.0	21.0	0.0	0.0	0.0	737.0	0.0	98.0	0.0	9.0	0.0	50.0	0.0	0.0	1.0	0.0	25.0	0.0	0.0	32.0	0.0	0.0	0.0	66.0	72.0	0.0	0.0	0.0	85.0	0.0	0.0	16.0	24.0	0.0	0.0	0.0	0.0	1.0	14.0	0.0	0.0	0.0	0.0	0.0	2.0	0.0	0.0	0.0	6.0	21.0	28.0	0.0	0.0	0.0	52.0	107.0	7.0	0.0	0.0	0.0	0.0	0.0	0.0	0.0	0.0	0.0	0.0	0.0	0.0	13.0	5.0	0.0	0.0	0.0	0.0	58.0	2.0	1.0	0.0	0.0	0.0	0.0	1.0	0.0	0.0	0.0	0.0	0.0	0.0	0.0	7.0	0.0	0.0	0.0	1.0	0.0
SRR23478263	5.0	39.0	0.0	0.0	31.0	7.0	0.0	372.0	0.0	22.0	0.0	0.0	734.0	31.0	0.0	0.0	0.0	25.0	20.0	0.0	0.0	0.0	47.0	0.0	4.0	0.0	0.0	0.0	0.0	3.0	0.0	0.0	0.0	30.0	0.0	81.0	69.0	0.0	5.0	96.0	0.0	105.0	0.0	0.0	0.0	0.0	0.0	0.0	0.0	0.0	0.0	0.0	0.0	0.0	63.0	0.0	7.0	0.0	0.0	13.0	1.0	0.0	48.0	0.0	11.0	24.0	0.0	0.0	0.0	0.0	9.0	48.0	0.0	42.0	1843.0	0.0	0.0	0.0	2.0	0.0	11.0	0.0	260.0	0.0	3.0	0.0	0.0	0.0	0.0	0.0	0.0	0.0	0.0	8.0	0.0	0.0	0.0	0.0	48.0	0.0	0.0	0.0	697.0	0.0	171.0	0.0	11.0	6.0	490.0	0.0	0.0	2.0	0.0	36.0	0.0	0.0	19.0	2.0	3.0	33.0	20.0	29.0	0.0	0.0	0.0	40.0	0.0	0.0	2.0	0.0	0.0	0.0	0.0	0.0	0.0	0.0	0.0	0.0	0.0	0.0	0.0	0.0	0.0	0.0	0.0	2.0	0.0	1.0	0.0	0.0	0.0	101.0	93.0	0.0	37.0	0.0	0.0	3.0	0.0	0.0	0.0	0.0	0.0	34.0	3.0	0.0	0.0	0.0	0.0	0.0	0.0	5.0	64.0	0.0	0.0	0.0	4.0	0.0	0.0	2.0	4.0	0.0	0.0	0.0	5.0	149.0	0.0	5.0	0.0	0.0	0.0	20.0	7.0
SRR23478264	419.0	0.0	0.0	0.0	0.0	1.0	3.0	10.0	5.0	437.0	0.0	0.0	60.0	489.0	0.0	0.0	0.0	2.0	0.0	2.0	1.0	0.0	1.0	0.0	0.0	0.0	0.0	0.0	0.0	0.0	0.0	0.0	0.0	0.0	0.0	1.0	0.0	0.0	0.0	1.0	10.0	1.0	0.0	0.0	0.0	0.0	0.0	0.0	3405.0	0.0	0.0	9.0	0.0	0.0	2.0	0.0	0.0	0.0	0.0	0.0	17.0	0.0	0.0	0.0	7.0	4.0	0.0	12.0	27.0	0.0	15.0	78.0	1.0	1.0	29.0	0.0	2.0	0.0	284.0	9.0	80.0	257.0	0.0	0.0	0.0	5.0	0.0	33.0	31.0	25.0	34.0	0.0	0.0	0.0	1.0	8.0	4.0	0.0	0.0	72.0	2.0	0.0	4.0	0.0	6.0	0.0	2.0	0.0	1.0	0.0	0.0	0.0	0.0	1.0	0.0	0.0	4.0	2.0	0.0	0.0	0.0	0.0	0.0	47.0	0.0	7.0	0.0	1.0	0.0	0.0	0.0	10.0	0.0	0.0	0.0	0.0	0.0	0.0	0.0	0.0	0.0	0.0	0.0	0.0	0.0	0.0	0.0	0.0	0.0	0.0	0.0	0.0	0.0	0.0	0.0	0.0	0.0	0.0	0.0	0.0	0.0	0.0	0.0	3.0	1.0	0.0	0.0	59.0	0.0	0.0	33.0	0.0	2.0	0.0	0.0	0.0	0.0	4.0	0.0	4.0	1.0	2.0	0.0	0.0	2.0	0.0	1.0	0.0	2.0	0.0	0.0	2.0	0.0
SRR23478265	1564.0	0.0	0.0	0.0	0.0	0.0	2.0	63.0	0.0	824.0	0.0	0.0	2.0	1793.0	0.0	0.0	0.0	17.0	0.0	4.0	4.0	1.0	0.0	4.0	1.0	0.0	0.0	0.0	7.0	0.0	0.0	0.0	0.0	0.0	0.0	0.0	7.0	0.0	0.0	4.0	128.0	0.0	0.0	36.0	0.0	0.0	0.0	6.0	254.0	0.0	0.0	0.0	0.0	0.0	2.0	0.0	0.0	0.0	0.0	2.0	16.0	0.0	5.0	0.0	0.0	312.0	0.0	0.0	0.0	32.0	80.0	44.0	0.0	22.0	272.0	0.0	1.0	0.0	63.0	4.0	0.0	161.0	2.0	1.0	0.0	0.0	0.0	7.0	22.0	1.0	0.0	0.0	0.0	0.0	0.0	6.0	0.0	0.0	0.0	0.0	1.0	2.0	11.0	0.0	5.0	0.0	20.0	0.0	28.0	3.0	0.0	0.0	0.0	1.0	0.0	0.0	1.0	0.0	1.0	0.0	0.0	0.0	0.0	0.0	0.0	22.0	0.0	0.0	0.0	0.0	0.0	0.0	0.0	0.0	3.0	1.0	0.0	0.0	0.0	0.0	0.0	0.0	0.0	0.0	0.0	0.0	0.0	0.0	0.0	0.0	0.0	5.0	10.0	1.0	0.0	0.0	0.0	2.0	0.0	0.0	0.0	1.0	2.0	19.0	0.0	1.0	1.0	47.0	0.0	0.0	0.0	0.0	7.0	0.0	0.0	0.0	0.0	0.0	0.0	23.0	1.0	9.0	0.0	2.0	0.0	0.0	1.0	0.0	1.0	1.0	0.0	4.0	0.0
SRR23478266	0.0	117.0	2.0	0.0	0.0	0.0	0.0	548.0	0.0	1.0	0.0	0.0	475.0	15.0	0.0	0.0	0.0	0.0	0.0	0.0	0.0	0.0	133.0	0.0	0.0	0.0	0.0	0.0	30.0	67.0	0.0	0.0	0.0	252.0	0.0	31.0	0.0	16.0	0.0	0.0	19.0	163.0	0.0	0.0	0.0	0.0	0.0	0.0	0.0	0.0	0.0	0.0	0.0	0.0	65.0	0.0	0.0	0.0	0.0	0.0	0.0	0.0	45.0	0.0	2.0	482.0	0.0	0.0	0.0	0.0	0.0	0.0	0.0	0.0	251.0	0.0	0.0	0.0	10.0	0.0	0.0	0.0	264.0	0.0	6.0	0.0	0.0	0.0	0.0	0.0	0.0	0.0	0.0	0.0	0.0	0.0	0.0	0.0	0.0	0.0	0.0	0.0	88.0	0.0	280.0	0.0	0.0	0.0	74.0	0.0	0.0	0.0	0.0	1235.0	0.0	0.0	55.0	0.0	0.0	0.0	7.0	68.0	0.0	0.0	0.0	13.0	0.0	0.0	0.0	0.0	0.0	0.0	0.0	0.0	0.0	0.0	0.0	0.0	0.0	0.0	0.0	9.0	3.0	0.0	0.0	0.0	0.0	0.0	0.0	0.0	0.0	95.0	160.0	5.0	0.0	0.0	0.0	8.0	0.0	0.0	0.0	0.0	0.0	0.0	0.0	0.0	5.0	0.0	0.0	0.0	0.0	0.0	1061.0	0.0	0.0	0.0	10.0	0.0	0.0	0.0	0.0	0.0	0.0	0.0	0.0	0.0	1.0	3.0	0.0	0.0	0.0	0.0	41.0
SRR23478267	2.0	17.0	0.0	0.0	27.0	11.0	0.0	398.0	0.0	3.0	0.0	0.0	815.0	11.0	7.0	0.0	0.0	4.0	113.0	0.0	2.0	0.0	211.0	0.0	0.0	0.0	0.0	0.0	1.0	6.0	9.0	0.0	0.0	65.0	5.0	0.0	4.0	0.0	0.0	128.0	122.0	25.0	2.0	0.0	1.0	0.0	0.0	0.0	0.0	0.0	0.0	0.0	6.0	0.0	27.0	0.0	0.0	0.0	0.0	0.0	0.0	0.0	7.0	0.0	4.0	0.0	0.0	0.0	0.0	0.0	0.0	5.0	120.0	7.0	80.0	0.0	0.0	0.0	0.0	4.0	0.0	0.0	1.0	0.0	4.0	0.0	0.0	1.0	2.0	66.0	0.0	0.0	18.0	0.0	0.0	0.0	0.0	0.0	92.0	0.0	1.0	0.0	404.0	7.0	45.0	0.0	1.0	0.0	4.0	0.0	0.0	0.0	0.0	86.0	0.0	14.0	63.0	0.0	0.0	39.0	7.0	19.0	2.0	0.0	1.0	88.0	0.0	0.0	6.0	0.0	0.0	23.0	0.0	2.0	0.0	0.0	0.0	0.0	3.0	4.0	0.0	0.0	0.0	0.0	0.0	0.0	21.0	293.0	0.0	17.0	10.0	5.0	15.0	0.0	0.0	0.0	1.0	10.0	0.0	0.0	0.0	55.0	0.0	0.0	13.0	0.0	4.0	0.0	0.0	0.0	0.0	0.0	604.0	0.0	0.0	0.0	2.0	0.0	0.0	0.0	0.0	0.0	0.0	0.0	0.0	0.0	0.0	42.0	0.0	2.0	0.0	0.0	1917.0
SRR23478268	0.0	6.0	7.0	0.0	16.0	2.0	0.0	893.0	0.0	85.0	0.0	0.0	343.0	30.0	0.0	1.0	2.0	18.0	19.0	0.0	0.0	11.0	134.0	0.0	0.0	0.0	0.0	1.0	1.0	1.0	0.0	0.0	0.0	17.0	0.0	12.0	80.0	1.0	4.0	0.0	691.0	90.0	0.0	65.0	2.0	0.0	0.0	0.0	8.0	0.0	0.0	0.0	12.0	1.0	25.0	0.0	2.0	2.0	0.0	21.0	0.0	0.0	47.0	0.0	32.0	790.0	16.0	0.0	0.0	0.0	0.0	8.0	4.0	29.0	1017.0	0.0	0.0	0.0	3.0	0.0	8.0	0.0	99.0	1.0	6.0	0.0	0.0	2.0	3.0	14.0	0.0	1.0	3.0	0.0	3.0	2.0	3.0	0.0	0.0	0.0	0.0	0.0	263.0	0.0	212.0	4.0	1.0	12.0	1.0	0.0	0.0	0.0	0.0	86.0	0.0	1.0	56.0	16.0	0.0	13.0	41.0	185.0	0.0	0.0	0.0	160.0	1.0	0.0	0.0	0.0	0.0	13.0	0.0	2.0	3.0	2.0	0.0	0.0	0.0	2.0	0.0	0.0	0.0	0.0	0.0	0.0	0.0	12.0	0.0	5.0	0.0	49.0	125.0	16.0	16.0	0.0	0.0	10.0	0.0	0.0	0.0	36.0	0.0	4.0	18.0	0.0	20.0	1.0	0.0	0.0	0.0	0.0	5.0	2.0	27.0	0.0	0.0	0.0	0.0	0.0	5.0	0.0	0.0	0.0	8.0	1.0	0.0	22.0	0.0	1.0	0.0	16.0	84.0
SRR23478269	0.0	650.0	0.0	0.0	0.0	58.0	0.0	2.0	270.0	0.0	2.0	0.0	98.0	0.0	0.0	0.0	0.0	0.0	0.0	0.0	0.0	0.0	0.0	0.0	0.0	0.0	0.0	84.0	0.0	0.0	0.0	0.0	86.0	153.0	0.0	28.0	0.0	10.0	0.0	536.0	0.0	0.0	16.0	118.0	0.0	0.0	0.0	0.0	66.0	10.0	4.0	0.0	0.0	0.0	0.0	0.0	0.0	0.0	2.0	86.0	0.0	0.0	4.0	0.0	0.0	0.0	0.0	0.0	0.0	0.0	0.0	0.0	0.0	0.0	0.0	2.0	0.0	0.0	0.0	0.0	0.0	0.0	0.0	0.0	43.0	6.0	0.0	2.0	0.0	0.0	0.0	0.0	3.0	0.0	0.0	0.0	0.0	3.0	0.0	0.0	0.0	0.0	1667.0	0.0	0.0	1190.0	0.0	0.0	0.0	0.0	0.0	0.0	0.0	5.0	0.0	0.0	0.0	0.0	0.0	0.0	0.0	24.0	11.0	0.0	103.0	0.0	16.0	0.0	0.0	0.0	0.0	0.0	0.0	0.0	0.0	2.0	0.0	0.0	0.0	9.0	0.0	0.0	0.0	1.0	0.0	0.0	0.0	0.0	14.0	365.0	49.0	0.0	258.0	0.0	0.0	2.0	0.0	0.0	0.0	0.0	0.0	0.0	0.0	0.0	0.0	0.0	0.0	0.0	0.0	0.0	0.0	0.0	37.0	0.0	0.0	0.0	0.0	0.0	0.0	0.0	17.0	0.0	0.0	0.0	1.0	0.0	0.0	0.0	0.0	0.0	0.0	0.0	0.0
SRR23478270	354.0	3.0	0.0	0.0	4.0	0.0	0.0	338.0	0.0	1074.0	0.0	0.0	7.0	1686.0	0.0	0.0	0.0	57.0	0.0	0.0	0.0	4.0	4.0	0.0	3.0	0.0	0.0	1.0	80.0	4.0	0.0	0.0	0.0	0.0	0.0	8.0	29.0	1.0	0.0	6.0	31.0	2.0	0.0	49.0	0.0	0.0	0.0	0.0	5.0	0.0	0.0	0.0	0.0	0.0	2.0	0.0	0.0	0.0	0.0	0.0	7.0	0.0	388.0	0.0	4.0	546.0	1.0	0.0	0.0	2.0	196.0	10.0	0.0	6.0	248.0	0.0	13.0	0.0	12.0	4.0	9.0	0.0	4.0	1.0	0.0	12.0	0.0	58.0	15.0	4.0	0.0	1.0	0.0	0.0	0.0	10.0	1.0	2.0	1.0	0.0	0.0	0.0	5.0	3.0	2.0	0.0	49.0	0.0	222.0	0.0	0.0	0.0	0.0	0.0	0.0	0.0	3.0	6.0	1.0	0.0	0.0	1.0	0.0	0.0	0.0	375.0	0.0	0.0	0.0	0.0	0.0	0.0	0.0	0.0	0.0	45.0	2.0	0.0	0.0	1.0	7.0	0.0	0.0	0.0	0.0	0.0	0.0	0.0	0.0	0.0	1.0	3.0	2.0	3.0	0.0	0.0	0.0	0.0	0.0	0.0	3.0	0.0	0.0	126.0	2.0	0.0	14.0	5.0	0.0	0.0	0.0	0.0	25.0	0.0	0.0	1.0	0.0	5.0	3.0	0.0	0.0	0.0	0.0	0.0	3.0	0.0	41.0	2.0	0.0	0.0	0.0	6.0	0.0
SRR23478271	2.0	12.0	1.0	0.0	4.0	0.0	0.0	778.0	0.0	786.0	0.0	0.0	147.0	165.0	0.0	0.0	3.0	0.0	15.0	2.0	0.0	0.0	23.0	0.0	0.0	0.0	0.0	1.0	1.0	0.0	7.0	0.0	0.0	112.0	0.0	10.0	45.0	5.0	0.0	59.0	34.0	12.0	2.0	14.0	1.0	0.0	0.0	1.0	10.0	0.0	0.0	0.0	0.0	0.0	12.0	0.0	0.0	0.0	0.0	20.0	0.0	0.0	59.0	13.0	126.0	0.0	4.0	0.0	0.0	0.0	0.0	0.0	1687.0	16.0	558.0	0.0	0.0	88.0	58.0	0.0	2.0	0.0	9.0	0.0	3.0	0.0	0.0	4.0	1.0	0.0	0.0	4.0	2.0	0.0	0.0	0.0	0.0	0.0	174.0	0.0	0.0	0.0	93.0	0.0	38.0	31.0	9.0	12.0	31.0	0.0	0.0	0.0	0.0	95.0	0.0	59.0	114.0	0.0	0.0	6.0	80.0	191.0	0.0	0.0	0.0	18.0	0.0	0.0	0.0	0.0	0.0	0.0	1.0	0.0	0.0	1.0	0.0	0.0	0.0	0.0	1.0	5.0	0.0	1.0	0.0	0.0	3.0	0.0	0.0	0.0	4.0	22.0	212.0	0.0	17.0	0.0	0.0	0.0	0.0	0.0	0.0	0.0	0.0	2.0	28.0	0.0	10.0	0.0	0.0	32.0	0.0	0.0	0.0	0.0	12.0	0.0	0.0	0.0	0.0	0.0	0.0	0.0	0.0	0.0	1.0	0.0	37.0	1.0	0.0	0.0	2.0	4.0	0.0
SRR23478272	563.0	66.0	0.0	0.0	1.0	0.0	0.0	46.0	2.0	933.0	1.0	0.0	25.0	151.0	0.0	0.0	0.0	4.0	0.0	0.0	36.0	0.0	2.0	3.0	0.0	0.0	0.0	1.0	1.0	0.0	0.0	0.0	0.0	0.0	13.0	0.0	0.0	0.0	0.0	2.0	53.0	0.0	0.0	0.0	1.0	0.0	5.0	0.0	2374.0	0.0	0.0	0.0	0.0	0.0	0.0	0.0	0.0	0.0	0.0	0.0	24.0	0.0	3.0	0.0	4.0	2.0	0.0	9.0	0.0	0.0	7.0	23.0	0.0	2.0	69.0	0.0	0.0	0.0	48.0	1.0	177.0	571.0	4.0	0.0	0.0	2.0	0.0	27.0	34.0	8.0	4.0	0.0	0.0	0.0	0.0	10.0	5.0	0.0	0.0	32.0	0.0	2.0	1.0	19.0	1.0	0.0	13.0	3.0	6.0	7.0	0.0	0.0	0.0	0.0	0.0	0.0	1.0	3.0	0.0	0.0	0.0	0.0	0.0	144.0	1.0	0.0	0.0	0.0	0.0	0.0	0.0	6.0	0.0	0.0	5.0	1.0	0.0	1.0	9.0	0.0	0.0	0.0	0.0	0.0	0.0	0.0	0.0	0.0	0.0	0.0	0.0	0.0	5.0	0.0	0.0	0.0	0.0	0.0	3.0	0.0	0.0	0.0	14.0	7.0	0.0	0.0	1.0	63.0	0.0	0.0	31.0	0.0	5.0	0.0	2.0	0.0	0.0	8.0	2.0	0.0	0.0	7.0	4.0	0.0	0.0	2.0	3.0	0.0	0.0	0.0	1.0	6.0	0.0
SRR23478273	656.0	0.0	0.0	0.0	1.0	1.0	0.0	4.0	0.0	512.0	0.0	0.0	5.0	413.0	0.0	0.0	0.0	2.0	0.0	0.0	2.0	0.0	1.0	2.0	0.0	0.0	0.0	0.0	0.0	0.0	0.0	0.0	0.0	0.0	0.0	1.0	5.0	0.0	0.0	2.0	0.0	1.0	0.0	0.0	0.0	0.0	1.0	716.0	2243.0	0.0	0.0	0.0	0.0	0.0	0.0	0.0	0.0	0.0	0.0	0.0	23.0	0.0	1.0	0.0	1.0	0.0	0.0	6.0	111.0	0.0	1.0	63.0	0.0	1.0	28.0	0.0	2.0	0.0	127.0	6.0	103.0	284.0	0.0	0.0	0.0	11.0	0.0	17.0	65.0	15.0	45.0	0.0	0.0	0.0	0.0	8.0	1.0	0.0	0.0	0.0	0.0	43.0	0.0	3.0	1.0	0.0	8.0	0.0	112.0	0.0	0.0	0.0	0.0	0.0	0.0	1.0	0.0	1.0	0.0	0.0	0.0	0.0	0.0	214.0	0.0	25.0	0.0	0.0	0.0	0.0	0.0	1.0	0.0	0.0	1.0	21.0	0.0	0.0	1.0	0.0	0.0	0.0	0.0	0.0	0.0	0.0	0.0	0.0	0.0	0.0	1.0	0.0	19.0	0.0	0.0	0.0	0.0	0.0	0.0	0.0	2.0	2.0	5.0	38.0	0.0	22.0	0.0	39.0	0.0	0.0	1.0	0.0	8.0	0.0	0.0	0.0	0.0	29.0	3.0	0.0	0.0	0.0	1.0	0.0	0.0	0.0	4.0	0.0	1.0	0.0	0.0	1.0	0.0
SRR23478274	154.0	1470.0	1.0	0.0	0.0	0.0	3.0	17.0	0.0	158.0	0.0	0.0	16.0	198.0	0.0	1.0	0.0	0.0	0.0	0.0	1.0	0.0	10.0	3.0	0.0	0.0	0.0	0.0	1.0	0.0	0.0	0.0	0.0	7.0	0.0	1.0	0.0	1.0	0.0	14.0	178.0	3.0	0.0	0.0	1.0	0.0	0.0	0.0	2269.0	0.0	0.0	0.0	0.0	0.0	0.0	0.0	0.0	0.0	0.0	0.0	8.0	0.0	2.0	0.0	7.0	0.0	0.0	4.0	0.0	0.0	9.0	10.0	0.0	3.0	25.0	0.0	0.0	0.0	76.0	0.0	37.0	49.0	5.0	0.0	1.0	2.0	0.0	18.0	5.0	2.0	1.0	0.0	0.0	0.0	0.0	0.0	0.0	0.0	2.0	1.0	1.0	5.0	5.0	0.0	6.0	0.0	5.0	0.0	0.0	16.0	0.0	0.0	0.0	6.0	0.0	0.0	1.0	0.0	0.0	2.0	7.0	0.0	0.0	0.0	0.0	0.0	0.0	0.0	0.0	29.0	0.0	2.0	0.0	0.0	1.0	1.0	1.0	1.0	0.0	0.0	0.0	0.0	0.0	0.0	0.0	0.0	0.0	0.0	0.0	0.0	0.0	4.0	12.0	0.0	0.0	0.0	0.0	0.0	4.0	0.0	0.0	0.0	2.0	3.0	0.0	2.0	0.0	9.0	0.0	0.0	0.0	0.0	0.0	0.0	1.0	0.0	0.0	7.0	1.0	1.0	0.0	0.0	2.0	0.0	3.0	0.0	0.0	1.0	8.0	0.0	0.0	24.0	0.0
SRR23478275	0.0	1.0	1.0	0.0	0.0	0.0	0.0	90.0	308.0	11.0	0.0	0.0	347.0	2.0	0.0	0.0	0.0	10.0	39.0	0.0	2.0	21.0	59.0	2.0	0.0	0.0	0.0	0.0	1.0	0.0	0.0	0.0	0.0	6.0	4.0	0.0	0.0	0.0	0.0	70.0	66.0	4.0	0.0	25.0	0.0	0.0	0.0	7.0	3792.0	0.0	0.0	0.0	0.0	0.0	13.0	0.0	0.0	0.0	0.0	0.0	0.0	0.0	0.0	0.0	2.0	198.0	1.0	0.0	0.0	0.0	0.0	23.0	0.0	1.0	54.0	0.0	0.0	0.0	4.0	0.0	0.0	1.0	20.0	0.0	2.0	3.0	0.0	6.0	1.0	129.0	0.0	0.0	0.0	0.0	1.0	0.0	0.0	0.0	14.0	0.0	0.0	1.0	65.0	0.0	30.0	0.0	0.0	4.0	0.0	2.0	0.0	0.0	0.0	83.0	0.0	0.0	11.0	0.0	0.0	3.0	8.0	4.0	0.0	1.0	0.0	5.0	0.0	0.0	0.0	0.0	0.0	27.0	0.0	0.0	0.0	1.0	0.0	0.0	0.0	0.0	0.0	0.0	1.0	0.0	0.0	0.0	0.0	0.0	0.0	0.0	1.0	2.0	13.0	2.0	0.0	0.0	0.0	1.0	1.0	0.0	0.0	2.0	1.0	0.0	2.0	1.0	0.0	4.0	0.0	0.0	2.0	0.0	1.0	0.0	0.0	0.0	0.0	0.0	0.0	12.0	0.0	0.0	4.0	1.0	5.0	2.0	1.0	0.0	0.0	0.0	0.0	2.0	1.0
SRR23478276	70.0	47.0	0.0	0.0	15.0	7.0	0.0	67.0	0.0	134.0	0.0	0.0	25.0	131.0	0.0	0.0	0.0	18.0	1.0	4.0	7.0	0.0	7.0	0.0	0.0	0.0	0.0	0.0	288.0	0.0	0.0	0.0	0.0	7.0	1.0	2.0	7.0	3.0	2.0	11.0	24.0	5.0	0.0	5.0	1.0	0.0	2.0	456.0	816.0	1.0	0.0	0.0	2.0	4.0	2.0	0.0	0.0	0.0	0.0	0.0	7.0	0.0	280.0	0.0	11.0	0.0	1.0	0.0	318.0	5.0	23.0	316.0	0.0	8.0	145.0	0.0	1.0	0.0	118.0	5.0	42.0	85.0	2.0	0.0	0.0	10.0	0.0	42.0	30.0	2.0	0.0	2.0	0.0	0.0	0.0	1.0	3.0	0.0	4.0	4.0	0.0	7.0	29.0	57.0	16.0	0.0	25.0	2.0	53.0	0.0	0.0	0.0	0.0	2.0	0.0	1.0	15.0	3.0	1.0	1.0	0.0	11.0	0.0	134.0	2.0	14.0	0.0	0.0	0.0	466.0	1.0	21.0	0.0	0.0	8.0	212.0	0.0	0.0	8.0	0.0	1.0	2.0	0.0	0.0	1.0	0.0	0.0	0.0	0.0	0.0	0.0	7.0	116.0	23.0	0.0	0.0	0.0	1.0	4.0	0.0	0.0	2.0	64.0	22.0	2.0	0.0	10.0	86.0	0.0	0.0	43.0	0.0	34.0	2.0	0.0	0.0	0.0	51.0	1.0	4.0	0.0	0.0	2.0	3.0	0.0	0.0	11.0	1.0	0.0	1.0	0.0	36.0	0.0
SRR23478277	11.0	14.0	0.0	0.0	0.0	0.0	0.0	4.0	0.0	87.0	0.0	0.0	71.0	90.0	0.0	0.0	0.0	0.0	0.0	2.0	7.0	0.0	3.0	2.0	2.0	1.0	0.0	0.0	2.0	0.0	0.0	0.0	0.0	0.0	5.0	1.0	0.0	0.0	0.0	11.0	46.0	0.0	0.0	0.0	0.0	2.0	0.0	35.0	3050.0	0.0	1.0	0.0	0.0	0.0	0.0	0.0	0.0	0.0	1.0	0.0	2.0	0.0	0.0	0.0	18.0	10.0	0.0	1.0	1207.0	0.0	0.0	63.0	0.0	2.0	26.0	0.0	1.0	0.0	25.0	0.0	10.0	2.0	2.0	79.0	0.0	7.0	0.0	15.0	1.0	26.0	1.0	0.0	1.0	0.0	0.0	5.0	1.0	0.0	2.0	0.0	1.0	3.0	2.0	43.0	1.0	0.0	0.0	0.0	5.0	0.0	0.0	0.0	0.0	2.0	0.0	3.0	3.0	7.0	0.0	0.0	1.0	0.0	0.0	801.0	1.0	2.0	0.0	0.0	0.0	0.0	0.0	0.0	0.0	0.0	0.0	4.0	0.0	0.0	3.0	0.0	0.0	0.0	1.0	0.0	66.0	0.0	0.0	0.0	0.0	0.0	0.0	0.0	29.0	0.0	0.0	0.0	0.0	0.0	0.0	3.0	0.0	0.0	1.0	0.0	0.0	0.0	0.0	76.0	0.0	0.0	5.0	0.0	1.0	0.0	0.0	0.0	0.0	0.0	2.0	23.0	2.0	11.0	2.0	0.0	1.0	0.0	10.0	0.0	0.0	0.0	0.0	5.0	0.0
SRR23478278	15.0	71.0	0.0	0.0	12.0	4.0	0.0	496.0	0.0	259.0	0.0	0.0	387.0	218.0	0.0	11.0	0.0	13.0	10.0	0.0	0.0	0.0	34.0	0.0	0.0	0.0	0.0	0.0	2.0	3.0	1.0	0.0	0.0	34.0	0.0	6.0	12.0	4.0	1.0	54.0	181.0	1.0	0.0	0.0	0.0	1.0	0.0	5.0	492.0	2.0	0.0	0.0	1.0	1.0	24.0	0.0	0.0	0.0	0.0	2.0	0.0	0.0	0.0	2.0	12.0	66.0	0.0	0.0	0.0	258.0	0.0	2.0	0.0	0.0	2672.0	0.0	0.0	0.0	0.0	0.0	39.0	0.0	39.0	3.0	2.0	2.0	0.0	37.0	2.0	0.0	1.0	1.0	0.0	0.0	0.0	0.0	0.0	2.0	46.0	0.0	0.0	0.0	113.0	0.0	36.0	0.0	4.0	2.0	11.0	0.0	0.0	1.0	0.0	41.0	0.0	2.0	33.0	3.0	0.0	0.0	69.0	193.0	0.0	0.0	0.0	18.0	0.0	0.0	0.0	0.0	0.0	3.0	0.0	0.0	0.0	0.0	0.0	0.0	0.0	3.0	0.0	4.0	0.0	0.0	0.0	0.0	0.0	5.0	0.0	28.0	24.0	37.0	16.0	0.0	0.0	0.0	5.0	0.0	0.0	0.0	1.0	0.0	7.0	3.0	3.0	0.0	13.0	10.0	0.0	0.0	0.0	0.0	5.0	0.0	2.0	0.0	0.0	0.0	0.0	0.0	2.0	0.0	0.0	0.0	7.0	12.0	7.0	1.0	0.0	0.0	0.0	3.0	5.0
SRR23478279	57.0	1.0	0.0	0.0	33.0	1.0	0.0	48.0	319.0	520.0	3.0	0.0	117.0	514.0	0.0	0.0	0.0	13.0	2.0	3.0	62.0	0.0	8.0	3.0	2.0	1.0	0.0	0.0	24.0	0.0	0.0	0.0	0.0	8.0	0.0	2.0	6.0	2.0	2.0	48.0	56.0	2.0	0.0	2.0	1.0	0.0	0.0	523.0	30.0	0.0	0.0	0.0	0.0	0.0	2.0	0.0	0.0	0.0	0.0	0.0	1.0	0.0	38.0	0.0	11.0	0.0	0.0	5.0	555.0	0.0	0.0	87.0	3.0	0.0	120.0	0.0	7.0	0.0	25.0	1.0	1757.0	0.0	4.0	0.0	0.0	19.0	0.0	69.0	11.0	0.0	1.0	0.0	0.0	0.0	2.0	28.0	3.0	0.0	9.0	3.0	1.0	0.0	21.0	0.0	2.0	0.0	92.0	2.0	140.0	0.0	0.0	0.0	0.0	23.0	0.0	0.0	4.0	2.0	1.0	0.0	2.0	8.0	0.0	302.0	1.0	27.0	0.0	0.0	0.0	0.0	1.0	0.0	0.0	0.0	71.0	1.0	4.0	0.0	4.0	0.0	0.0	0.0	14.0	0.0	0.0	1.0	3.0	13.0	0.0	0.0	5.0	0.0	1.0	0.0	0.0	0.0	0.0	0.0	2.0	1.0	0.0	0.0	0.0	2.0	1.0	0.0	6.0	2.0	0.0	4.0	12.0	0.0	21.0	4.0	1.0	0.0	0.0	0.0	0.0	17.0	2.0	12.0	0.0	2.0	4.0	1.0	29.0	0.0	39.0	10.0	1.0	21.0	0.0
SRR23478280	3.0	3672.0	0.0	0.0	0.0	1.0	0.0	26.0	7.0	237.0	0.0	0.0	379.0	12.0	0.0	0.0	0.0	0.0	0.0	0.0	0.0	0.0	4.0	0.0	0.0	0.0	0.0	0.0	0.0	0.0	0.0	0.0	0.0	0.0	0.0	24.0	9.0	4.0	2.0	486.0	114.0	15.0	0.0	0.0	0.0	0.0	0.0	0.0	174.0	3.0	0.0	0.0	0.0	0.0	7.0	0.0	0.0	0.0	0.0	2.0	1.0	0.0	0.0	0.0	7.0	0.0	0.0	0.0	0.0	0.0	0.0	2.0	0.0	0.0	19.0	0.0	0.0	0.0	4.0	0.0	3.0	6.0	19.0	1.0	0.0	0.0	0.0	3.0	2.0	7.0	2.0	0.0	0.0	0.0	0.0	0.0	0.0	0.0	0.0	0.0	0.0	0.0	12.0	0.0	15.0	0.0	0.0	0.0	0.0	0.0	0.0	0.0	0.0	19.0	0.0	0.0	32.0	0.0	0.0	1.0	7.0	13.0	0.0	0.0	0.0	6.0	0.0	0.0	0.0	488.0	0.0	4.0	0.0	0.0	0.0	0.0	0.0	0.0	0.0	0.0	0.0	0.0	0.0	0.0	0.0	0.0	0.0	0.0	0.0	0.0	0.0	2.0	12.0	0.0	3.0	0.0	0.0	0.0	1.0	0.0	0.0	0.0	3.0	0.0	0.0	2.0	1.0	1.0	0.0	0.0	2.0	0.0	1.0	0.0	0.0	0.0	0.0	0.0	0.0	22.0	0.0	3.0	0.0	0.0	1.0	8.0	1.0	11.0	0.0	0.0	1.0	7.0	13.0
SRR23478281	236.0	1915.0	0.0	0.0	3.0	5.0	0.0	92.0	0.0	784.0	2.0	0.0	80.0	769.0	0.0	1.0	0.0	9.0	1.0	0.0	3.0	3.0	2.0	0.0	0.0	0.0	0.0	0.0	2.0	1.0	0.0	0.0	0.0	0.0	0.0	2.0	23.0	1.0	1.0	15.0	26.0	7.0	0.0	2.0	0.0	0.0	2.0	0.0	1038.0	0.0	0.0	0.0	1.0	0.0	5.0	0.0	0.0	0.0	0.0	0.0	5.0	0.0	5.0	0.0	8.0	0.0	0.0	0.0	0.0	58.0	48.0	60.0	0.0	0.0	81.0	0.0	3.0	0.0	10.0	2.0	194.0	268.0	8.0	0.0	1.0	11.0	0.0	99.0	18.0	1.0	0.0	0.0	0.0	0.0	1.0	10.0	1.0	0.0	1.0	0.0	0.0	0.0	12.0	0.0	4.0	0.0	1.0	0.0	3.0	0.0	0.0	0.0	0.0	1.0	0.0	0.0	3.0	0.0	0.0	2.0	0.0	0.0	0.0	45.0	0.0	12.0	0.0	1.0	0.0	0.0	0.0	1.0	0.0	0.0	7.0	20.0	0.0	1.0	3.0	0.0	0.0	1.0	0.0	0.0	0.0	0.0	0.0	0.0	1.0	2.0	0.0	4.0	5.0	2.0	0.0	0.0	0.0	0.0	3.0	3.0	0.0	8.0	0.0	75.0	0.0	67.0	4.0	21.0	0.0	0.0	0.0	0.0	4.0	0.0	1.0	0.0	0.0	2.0	4.0	0.0	0.0	0.0	0.0	0.0	0.0	0.0	11.0	0.0	0.0	0.0	0.0	6.0	3.0
SRR23478282	1.0	4.0	0.0	0.0	10.0	0.0	0.0	751.0	1.0	195.0	0.0	0.0	359.0	87.0	0.0	0.0	0.0	8.0	5.0	0.0	0.0	2.0	213.0	0.0	0.0	0.0	0.0	1.0	0.0	1.0	2.0	0.0	0.0	38.0	0.0	5.0	0.0	0.0	1.0	547.0	192.0	77.0	0.0	7.0	0.0	0.0	2.0	84.0	10.0	0.0	2.0	0.0	5.0	0.0	39.0	0.0	0.0	0.0	2.0	7.0	0.0	0.0	1.0	0.0	11.0	400.0	6.0	0.0	0.0	0.0	0.0	6.0	1.0	15.0	311.0	1.0	0.0	0.0	15.0	5.0	7.0	0.0	81.0	0.0	4.0	0.0	3.0	2.0	0.0	0.0	0.0	2.0	1.0	0.0	4.0	0.0	0.0	0.0	22.0	0.0	0.0	0.0	230.0	0.0	248.0	0.0	6.0	11.0	0.0	0.0	0.0	0.0	0.0	167.0	0.0	2.0	455.0	0.0	0.0	1.0	8.0	612.0	0.0	5.0	1.0	5.0	0.0	0.0	3.0	0.0	0.0	16.0	0.0	4.0	0.0	3.0	0.0	0.0	0.0	2.0	0.0	1.0	0.0	0.0	0.0	0.0	0.0	18.0	0.0	2.0	0.0	22.0	768.0	11.0	0.0	0.0	0.0	4.0	7.0	0.0	0.0	1.0	21.0	0.0	2.0	0.0	1.0	1.0	0.0	13.0	0.0	0.0	23.0	0.0	0.0	0.0	0.0	0.0	0.0	0.0	0.0	0.0	0.0	0.0	7.0	0.0	0.0	15.0	0.0	0.0	0.0	5.0	0.0
SRR23478283	13.0	17.0	0.0	0.0	12.0	2.0	0.0	211.0	0.0	181.0	0.0	0.0	96.0	46.0	0.0	10.0	0.0	32.0	6.0	0.0	0.0	0.0	7.0	9.0	0.0	0.0	0.0	0.0	18.0	0.0	0.0	0.0	0.0	3.0	0.0	8.0	26.0	0.0	0.0	90.0	43.0	7.0	0.0	248.0	0.0	0.0	0.0	291.0	2210.0	0.0	0.0	0.0	0.0	0.0	26.0	0.0	0.0	0.0	0.0	0.0	0.0	0.0	163.0	0.0	16.0	479.0	12.0	3.0	0.0	0.0	132.0	8.0	0.0	0.0	481.0	0.0	0.0	0.0	8.0	0.0	0.0	4.0	20.0	0.0	0.0	0.0	0.0	17.0	5.0	20.0	0.0	1.0	0.0	0.0	0.0	0.0	1.0	0.0	0.0	0.0	0.0	0.0	249.0	0.0	26.0	0.0	22.0	0.0	77.0	0.0	0.0	0.0	0.0	62.0	0.0	2.0	54.0	0.0	0.0	7.0	0.0	73.0	0.0	84.0	6.0	49.0	0.0	0.0	0.0	0.0	0.0	10.0	0.0	0.0	0.0	12.0	0.0	0.0	0.0	3.0	0.0	0.0	3.0	0.0	2.0	0.0	0.0	17.0	0.0	0.0	0.0	8.0	114.0	0.0	0.0	0.0	0.0	0.0	5.0	0.0	0.0	6.0	154.0	9.0	17.0	0.0	36.0	38.0	0.0	0.0	0.0	0.0	25.0	0.0	0.0	0.0	0.0	0.0	0.0	19.0	0.0	0.0	0.0	0.0	0.0	0.0	8.0	0.0	4.0	0.0	0.0	9.0	67.0
SRR23478284	198.0	101.0	0.0	0.0	3.0	0.0	0.0	29.0	0.0	1605.0	0.0	0.0	27.0	1475.0	0.0	2.0	0.0	16.0	1.0	0.0	1.0	0.0	0.0	0.0	0.0	0.0	0.0	0.0	14.0	0.0	0.0	0.0	0.0	17.0	0.0	9.0	0.0	0.0	0.0	7.0	288.0	0.0	0.0	11.0	0.0	1.0	1.0	3.0	407.0	3.0	0.0	0.0	7.0	0.0	6.0	0.0	0.0	0.0	1.0	0.0	26.0	0.0	3.0	0.0	0.0	0.0	0.0	1.0	0.0	0.0	0.0	6.0	22.0	1.0	84.0	0.0	1.0	0.0	10.0	0.0	1.0	1463.0	3.0	4.0	0.0	3.0	0.0	7.0	3.0	0.0	11.0	1.0	0.0	0.0	0.0	159.0	1.0	0.0	0.0	0.0	0.0	0.0	6.0	0.0	4.0	0.0	1.0	1.0	22.0	0.0	0.0	0.0	0.0	2.0	0.0	1.0	2.0	0.0	2.0	0.0	1.0	4.0	1.0	0.0	0.0	45.0	0.0	0.0	0.0	0.0	0.0	0.0	0.0	0.0	41.0	3.0	0.0	0.0	2.0	0.0	0.0	0.0	2.0	0.0	0.0	0.0	0.0	0.0	0.0	0.0	3.0	1.0	19.0	0.0	0.0	0.0	0.0	1.0	2.0	0.0	0.0	0.0	0.0	52.0	0.0	0.0	1.0	1.0	0.0	0.0	0.0	0.0	3.0	0.0	0.0	0.0	0.0	0.0	0.0	0.0	0.0	0.0	0.0	0.0	0.0	0.0	8.0	0.0	0.0	1.0	0.0	2.0	0.0
SRR23478285	27.0	1534.0	1.0	0.0	5.0	3.0	0.0	571.0	11.0	81.0	1.0	0.0	700.0	147.0	82.0	106.0	1.0	1.0	78.0	1.0	0.0	0.0	136.0	0.0	5.0	0.0	0.0	1.0	5.0	2.0	7.0	2.0	25.0	426.0	0.0	11.0	0.0	9.0	1.0	16.0	606.0	45.0	16.0	0.0	0.0	0.0	2.0	4.0	35.0	0.0	1.0	0.0	0.0	1.0	124.0	0.0	0.0	0.0	0.0	15.0	0.0	2.0	0.0	0.0	65.0	0.0	1.0	0.0	1.0	0.0	0.0	2.0	0.0	2.0	212.0	2.0	2.0	0.0	11.0	7.0	17.0	0.0	107.0	0.0	5.0	1.0	0.0	3.0	0.0	2.0	0.0	3.0	5.0	0.0	4.0	2.0	0.0	0.0	21.0	0.0	0.0	0.0	120.0	1.0	64.0	22.0	4.0	8.0	12.0	0.0	0.0	0.0	0.0	223.0	0.0	4.0	41.0	4.0	0.0	7.0	147.0	82.0	0.0	0.0	1.0	17.0	0.0	0.0	0.0	2.0	3.0	5.0	0.0	2.0	0.0	0.0	0.0	0.0	0.0	0.0	0.0	0.0	0.0	0.0	0.0	0.0	0.0	8.0	0.0	1.0	63.0	12.0	11.0	1.0	4.0	2.0	0.0	2.0	0.0	0.0	0.0	0.0	12.0	1.0	0.0	0.0	2.0	1.0	0.0	0.0	0.0	1.0	0.0	0.0	0.0	0.0	0.0	0.0	0.0	0.0	1.0	0.0	0.0	0.0	3.0	7.0	0.0	6.0	0.0	0.0	0.0	13.0	0.0
SRR23478286	18.0	114.0	0.0	1.0	0.0	1.0	0.0	482.0	0.0	2335.0	28.0	0.0	203.0	86.0	1.0	0.0	0.0	11.0	12.0	2.0	3.0	5.0	52.0	6.0	0.0	0.0	0.0	0.0	2.0	0.0	0.0	3.0	0.0	29.0	44.0	0.0	54.0	193.0	10.0	84.0	298.0	10.0	1.0	11.0	0.0	89.0	0.0	32.0	273.0	19.0	0.0	0.0	3.0	3.0	28.0	0.0	0.0	0.0	0.0	16.0	0.0	0.0	13.0	0.0	8.0	0.0	2.0	0.0	0.0	0.0	0.0	37.0	16.0	8.0	58.0	0.0	0.0	12.0	40.0	0.0	31.0	4.0	20.0	209.0	7.0	0.0	0.0	20.0	3.0	18.0	12.0	0.0	0.0	0.0	14.0	0.0	0.0	0.0	12.0	1.0	4.0	3.0	82.0	0.0	3.0	0.0	4.0	0.0	11.0	9.0	8.0	0.0	0.0	49.0	18.0	9.0	10.0	0.0	0.0	18.0	7.0	20.0	0.0	0.0	1.0	44.0	0.0	0.0	4.0	0.0	0.0	42.0	2.0	0.0	1.0	27.0	1.0	2.0	0.0	0.0	0.0	0.0	4.0	3.0	230.0	1.0	11.0	35.0	2.0	21.0	22.0	6.0	38.0	0.0	0.0	0.0	1.0	0.0	1.0	1.0	0.0	3.0	22.0	28.0	7.0	2.0	2.0	42.0	5.0	6.0	0.0	0.0	7.0	0.0	0.0	0.0	0.0	1.0	4.0	12.0	0.0	1.0	18.0	4.0	8.0	0.0	0.0	4.0	0.0	0.0	0.0	5.0	0.0
SRR23478287	682.0	1.0	0.0	0.0	0.0	2.0	0.0	35.0	0.0	1721.0	0.0	0.0	10.0	1962.0	0.0	0.0	0.0	1.0	0.0	0.0	12.0	1.0	0.0	0.0	0.0	0.0	0.0	0.0	1.0	0.0	0.0	0.0	0.0	0.0	0.0	0.0	0.0	0.0	0.0	2.0	1.0	1.0	0.0	14.0	0.0	6.0	0.0	6.0	126.0	0.0	0.0	0.0	0.0	0.0	0.0	2.0	0.0	0.0	0.0	0.0	19.0	0.0	0.0	0.0	2.0	0.0	0.0	0.0	4.0	5.0	0.0	73.0	0.0	1.0	28.0	0.0	1.0	0.0	36.0	1.0	223.0	923.0	0.0	9.0	1.0	1.0	0.0	10.0	43.0	0.0	9.0	0.0	0.0	0.0	0.0	6.0	0.0	0.0	0.0	1.0	0.0	0.0	2.0	68.0	2.0	0.0	0.0	0.0	2.0	0.0	0.0	0.0	0.0	0.0	0.0	2.0	0.0	1.0	1.0	0.0	0.0	0.0	0.0	0.0	0.0	58.0	0.0	0.0	0.0	41.0	0.0	0.0	0.0	0.0	0.0	11.0	0.0	2.0	0.0	0.0	0.0	0.0	0.0	0.0	0.0	0.0	0.0	0.0	0.0	0.0	0.0	1.0	1.0	0.0	0.0	0.0	0.0	0.0	2.0	2.0	0.0	0.0	0.0	1.0	0.0	0.0	0.0	83.0	0.0	0.0	0.0	0.0	2.0	0.0	0.0	0.0	0.0	0.0	9.0	0.0	0.0	0.0	0.0	0.0	0.0	0.0	2.0	0.0	0.0	0.0	0.0	2.0	0.0
SRR23478288	107.0	781.0	0.0	0.0	20.0	1.0	0.0	247.0	1483.0	580.0	5.0	0.0	40.0	1171.0	0.0	0.0	0.0	1.0	0.0	0.0	1.0	0.0	11.0	12.0	0.0	0.0	5.0	12.0	0.0	0.0	0.0	0.0	0.0	3.0	46.0	0.0	1.0	0.0	0.0	15.0	0.0	0.0	2.0	0.0	1.0	0.0	1.0	0.0	19.0	0.0	0.0	0.0	0.0	0.0	18.0	32.0	0.0	0.0	0.0	0.0	3.0	0.0	5.0	0.0	187.0	0.0	0.0	4.0	285.0	5.0	44.0	40.0	0.0	5.0	41.0	1.0	6.0	0.0	13.0	2.0	14.0	7.0	29.0	0.0	2.0	1.0	0.0	51.0	13.0	23.0	6.0	4.0	0.0	0.0	1.0	2.0	2.0	0.0	7.0	0.0	0.0	0.0	90.0	0.0	12.0	1.0	2.0	0.0	1.0	0.0	0.0	0.0	0.0	26.0	0.0	4.0	18.0	1.0	2.0	2.0	0.0	3.0	0.0	68.0	10.0	7.0	0.0	10.0	0.0	0.0	0.0	11.0	0.0	0.0	0.0	4.0	0.0	3.0	0.0	0.0	0.0	0.0	1.0	1.0	2.0	0.0	0.0	0.0	0.0	26.0	2.0	0.0	8.0	1.0	1.0	0.0	0.0	0.0	12.0	0.0	0.0	5.0	2.0	0.0	4.0	0.0	0.0	33.0	0.0	0.0	0.0	0.0	1.0	0.0	77.0	0.0	4.0	0.0	0.0	7.0	6.0	18.0	3.0	0.0	13.0	13.0	28.0	0.0	17.0	1.0	0.0	0.0	0.0
SRR23478289	13.0	35.0	0.0	0.0	15.0	30.0	0.0	444.0	180.0	25.0	35.0	0.0	258.0	146.0	7.0	0.0	0.0	25.0	87.0	1.0	1.0	0.0	36.0	2.0	0.0	2.0	0.0	0.0	18.0	0.0	20.0	0.0	0.0	16.0	0.0	28.0	0.0	0.0	1.0	73.0	1476.0	46.0	0.0	6.0	0.0	0.0	20.0	0.0	242.0	0.0	0.0	0.0	12.0	0.0	19.0	21.0	0.0	0.0	0.0	0.0	0.0	19.0	6.0	0.0	0.0	12.0	0.0	0.0	51.0	103.0	49.0	0.0	0.0	21.0	1351.0	0.0	0.0	0.0	3.0	0.0	45.0	2.0	13.0	0.0	0.0	0.0	0.0	0.0	0.0	46.0	0.0	0.0	2.0	0.0	0.0	0.0	0.0	0.0	11.0	15.0	0.0	0.0	155.0	0.0	33.0	0.0	0.0	0.0	134.0	0.0	0.0	0.0	0.0	137.0	0.0	1.0	5.0	0.0	0.0	0.0	29.0	44.0	0.0	75.0	1.0	241.0	0.0	0.0	11.0	11.0	0.0	0.0	0.0	0.0	1.0	0.0	0.0	0.0	0.0	0.0	0.0	0.0	0.0	0.0	0.0	0.0	0.0	0.0	9.0	0.0	0.0	7.0	29.0	0.0	11.0	0.0	0.0	0.0	0.0	4.0	0.0	0.0	0.0	0.0	1.0	2.0	0.0	13.0	0.0	0.0	0.0	0.0	32.0	0.0	19.0	0.0	0.0	0.0	0.0	0.0	0.0	50.0	0.0	0.0	0.0	0.0	1.0	0.0	0.0	2.0	0.0	0.0	0.0
SRR23478290	40.0	316.0	12.0	0.0	4.0	13.0	0.0	767.0	0.0	181.0	16.0	0.0	542.0	252.0	4.0	2.0	0.0	16.0	35.0	0.0	2.0	0.0	67.0	0.0	0.0	0.0	0.0	4.0	6.0	4.0	4.0	0.0	0.0	56.0	0.0	2.0	7.0	13.0	1.0	136.0	393.0	4.0	0.0	1.0	2.0	0.0	6.0	5.0	277.0	1.0	0.0	0.0	7.0	0.0	20.0	0.0	0.0	0.0	0.0	6.0	3.0	2.0	10.0	1.0	33.0	207.0	2.0	1.0	0.0	22.0	12.0	10.0	0.0	3.0	524.0	0.0	1.0	0.0	90.0	0.0	10.0	0.0	41.0	0.0	1.0	2.0	0.0	18.0	0.0	31.0	0.0	2.0	1.0	0.0	4.0	1.0	0.0	0.0	35.0	0.0	0.0	0.0	125.0	2.0	88.0	0.0	0.0	1.0	6.0	0.0	0.0	0.0	0.0	291.0	0.0	0.0	81.0	1.0	0.0	3.0	35.0	108.0	4.0	0.0	0.0	216.0	0.0	0.0	0.0	0.0	0.0	127.0	0.0	0.0	0.0	10.0	0.0	8.0	57.0	8.0	0.0	2.0	0.0	4.0	0.0	0.0	1.0	2.0	1.0	0.0	0.0	11.0	50.0	0.0	2.0	0.0	7.0	0.0	13.0	0.0	0.0	252.0	1.0	1.0	71.0	0.0	7.0	40.0	0.0	0.0	0.0	1.0	179.0	0.0	0.0	0.0	0.0	0.0	0.0	4.0	0.0	0.0	1.0	1.0	4.0	0.0	58.0	0.0	0.0	5.0	0.0	1.0	0.0
SRR23478291	123.0	0.0	0.0	0.0	1.0	5.0	0.0	767.0	0.0	270.0	0.0	0.0	345.0	67.0	0.0	0.0	0.0	8.0	6.0	1.0	4.0	0.0	4.0	0.0	1.0	0.0	0.0	0.0	2.0	1.0	0.0	0.0	0.0	3.0	0.0	0.0	7.0	0.0	1.0	206.0	242.0	29.0	0.0	0.0	2.0	0.0	0.0	0.0	1156.0	0.0	1.0	0.0	0.0	0.0	11.0	0.0	0.0	0.0	0.0	1.0	1.0	0.0	6.0	0.0	43.0	152.0	1.0	0.0	0.0	0.0	0.0	122.0	663.0	4.0	78.0	0.0	1.0	19.0	4.0	11.0	3.0	40.0	6.0	1.0	1.0	33.0	0.0	9.0	29.0	187.0	0.0	1.0	1.0	0.0	0.0	176.0	11.0	0.0	1.0	0.0	2.0	0.0	101.0	0.0	14.0	0.0	2.0	2.0	390.0	0.0	0.0	0.0	0.0	3.0	0.0	5.0	4.0	1.0	0.0	1.0	0.0	1.0	0.0	0.0	2.0	193.0	0.0	0.0	0.0	0.0	0.0	31.0	0.0	0.0	10.0	7.0	0.0	4.0	8.0	0.0	0.0	0.0	0.0	0.0	0.0	0.0	0.0	1.0	0.0	2.0	0.0	30.0	8.0	0.0	0.0	0.0	0.0	0.0	2.0	13.0	0.0	12.0	5.0	28.0	5.0	49.0	1.0	173.0	0.0	1.0	0.0	0.0	8.0	0.0	0.0	0.0	0.0	4.0	11.0	0.0	0.0	131.0	78.0	2.0	2.0	0.0	4.0	4.0	0.0	0.0	6.0	1.0	1.0
SRR23478292	336.0	460.0	0.0	0.0	2.0	0.0	4.0	84.0	0.0	842.0	0.0	2.0	30.0	191.0	0.0	1.0	0.0	12.0	0.0	0.0	6.0	0.0	7.0	0.0	0.0	0.0	0.0	0.0	21.0	0.0	1.0	0.0	0.0	0.0	0.0	2.0	2.0	29.0	0.0	28.0	226.0	14.0	0.0	152.0	1.0	0.0	1.0	1236.0	0.0	0.0	0.0	5.0	0.0	0.0	5.0	0.0	0.0	0.0	0.0	3.0	36.0	0.0	10.0	0.0	13.0	0.0	2.0	2.0	0.0	0.0	0.0	151.0	709.0	9.0	423.0	0.0	0.0	0.0	24.0	2.0	0.0	0.0	40.0	0.0	3.0	18.0	0.0	51.0	146.0	0.0	0.0	2.0	0.0	0.0	2.0	3.0	2.0	0.0	32.0	0.0	0.0	0.0	37.0	0.0	13.0	0.0	6.0	0.0	0.0	0.0	0.0	0.0	0.0	10.0	0.0	14.0	4.0	0.0	7.0	2.0	0.0	3.0	0.0	0.0	0.0	21.0	0.0	0.0	1.0	0.0	0.0	0.0	0.0	0.0	6.0	22.0	0.0	1.0	1.0	0.0	0.0	15.0	0.0	0.0	3.0	0.0	2.0	0.0	2.0	0.0	0.0	10.0	1.0	0.0	0.0	0.0	0.0	0.0	0.0	0.0	3.0	0.0	0.0	0.0	3.0	2.0	0.0	29.0	0.0	0.0	0.0	0.0	3.0	0.0	2.0	0.0	0.0	0.0	7.0	10.0	0.0	0.0	0.0	0.0	36.0	0.0	18.0	0.0	1.0	0.0	0.0	6.0	0.0
SRR23478293	222.0	714.0	0.0	0.0	0.0	1.0	4.0	48.0	32.0	1760.0	3.0	0.0	70.0	765.0	0.0	0.0	0.0	3.0	0.0	0.0	66.0	0.0	1.0	16.0	0.0	0.0	0.0	0.0	1.0	0.0	0.0	0.0	0.0	0.0	88.0	1.0	5.0	3.0	0.0	15.0	4.0	0.0	0.0	8.0	1.0	0.0	1.0	4.0	287.0	6.0	0.0	13.0	0.0	8.0	1.0	24.0	0.0	0.0	0.0	0.0	41.0	0.0	2.0	0.0	21.0	9.0	0.0	1.0	16.0	16.0	145.0	169.0	46.0	2.0	74.0	1.0	1.0	0.0	212.0	6.0	270.0	371.0	2.0	0.0	0.0	19.0	0.0	28.0	18.0	7.0	24.0	1.0	1.0	0.0	0.0	11.0	17.0	0.0	2.0	0.0	2.0	3.0	7.0	0.0	5.0	0.0	5.0	0.0	2.0	0.0	0.0	0.0	0.0	1.0	0.0	0.0	3.0	2.0	1.0	0.0	0.0	0.0	0.0	0.0	1.0	4.0	0.0	7.0	0.0	0.0	0.0	7.0	0.0	0.0	6.0	5.0	6.0	1.0	0.0	0.0	1.0	2.0	0.0	0.0	0.0	0.0	0.0	0.0	2.0	0.0	2.0	5.0	7.0	0.0	0.0	0.0	0.0	1.0	2.0	1.0	1.0	0.0	3.0	7.0	2.0	0.0	1.0	64.0	0.0	0.0	57.0	0.0	0.0	0.0	1.0	0.0	0.0	0.0	0.0	22.0	0.0	13.0	2.0	0.0	0.0	0.0	2.0	2.0	28.0	1.0	0.0	1.0	1.0
SRR23478294	31.0	10.0	0.0	0.0	0.0	0.0	0.0	1073.0	0.0	135.0	0.0	0.0	557.0	97.0	0.0	0.0	0.0	0.0	87.0	0.0	0.0	0.0	27.0	0.0	11.0	0.0	0.0	0.0	43.0	0.0	0.0	0.0	0.0	66.0	0.0	0.0	9.0	0.0	0.0	197.0	0.0	7.0	0.0	0.0	0.0	0.0	0.0	4.0	80.0	4.0	0.0	0.0	15.0	0.0	18.0	0.0	0.0	0.0	0.0	3.0	27.0	28.0	15.0	0.0	19.0	0.0	9.0	0.0	0.0	59.0	0.0	30.0	83.0	85.0	114.0	0.0	0.0	12.0	30.0	0.0	0.0	4.0	24.0	2.0	2.0	0.0	0.0	0.0	1.0	0.0	0.0	0.0	0.0	0.0	0.0	47.0	0.0	0.0	15.0	0.0	0.0	0.0	183.0	0.0	30.0	0.0	0.0	0.0	995.0	0.0	0.0	0.0	0.0	203.0	0.0	0.0	62.0	0.0	0.0	2.0	75.0	572.0	0.0	0.0	0.0	25.0	0.0	0.0	0.0	0.0	0.0	6.0	0.0	0.0	0.0	3.0	0.0	0.0	0.0	2.0	0.0	0.0	23.0	0.0	0.0	0.0	0.0	0.0	0.0	0.0	0.0	6.0	24.0	0.0	11.0	0.0	0.0	0.0	0.0	0.0	0.0	0.0	33.0	32.0	0.0	0.0	83.0	74.0	0.0	0.0	0.0	0.0	0.0	5.0	0.0	0.0	0.0	0.0	0.0	14.0	0.0	0.0	0.0	23.0	3.0	8.0	17.0	0.0	0.0	0.0	0.0	0.0	0.0
